inventory_id,warehouse_code,item_name,stock_quantity,unit,last_updated
1,WH-001,Maize Flour,2814,kg,2026-05-13
2,WH-001,Lentils,687,kg,2025-10-26
3,WH-004,Cooking Oil,6241,kg,2025-12-17
4,WH-001,Sugar,4779,kg,2026-02-11
5,WH-002,Salt,2124,kg,2025-08-16
6,WH-004,Sugar,-10,kg,2026-01-29
7,WH-003,Lentils,6133,kg,2025-08-30
8,WH-002,Lentils,3779,kg,2025-09-18
9,WH-003,Lentils,4357,kg,2025-08-23
10, WH-001 ,Maize Flour,9432,kg,2026-05-29
11,WH-001,Cooking Oil,5109,kg,2026-03-30
12,WH-001,Sugar,6289,kg,2025-12-27
13,WH-003,Salt,1198,kg,2026-05-08
14,WH-001,Cooking Oil,2012,kg,2025-08-27
15,WH-002,Cooking Oil,5283,kg,2025-08-29
17,WH-003,Sugar,3385,kg,2026-07-06
18,WH-004,Beans,4398,kg,2026-02-02
19,WH-004,Beans,6637,kg,2025-08-28
20,WH-002,Lentils,4767,kg,2026-03-05
21,WH-002,Rice,9883,kg,2025-09-16
22,WH-001,Rice,6940,kg,2026-06-24
23,WH-003,Maize Flour,8139,kg,2025-08-10
24,WH-002,Salt,2326,kg,2025-11-11
25,WH-003,Beans,8294,kg,2025-09-14
26,WH-003,Lentils,6990,kg,2026-07-18
27,WH-003,Maize Flour,5315,kg,2026-07-05
28,WH-001,Cooking Oil,8256,kg,2026-03-05
29,WH-001,Beans,7852,kg,2026-04-24
30,WH-004,Rice,2565,kg,2025-11-12
31,WH-002,Maize Flour,6485,kg,2026-04-15
32,WH-002,Salt,1264,kg,2025-08-13
33,WH-002,Salt,4490,kg,2026-06-25
34,WH-004,Salt,7459,kg,2026-05-24
35,WH-002,Rice,2452,kg,2025-09-20
36,WH-003,Beans,6314,kg,2025-10-31
37,WH-001,Beans,7852,kg,2026-05-02
38,WH-001,Lentils,7330,kg,2025-07-23
39,WH-001,Salt,243,kg,2025-12-09
40,WH-003,Beans,9013,kg,2026-07-09
41,WH-003,Lentils,5722,kg,2025-11-02
42,WH-001,Cooking Oil,4313,kg,2025-12-31
43,WH-003,Maize Flour,137,kg,2025-09-26
44,WH-003,Sugar,3367,kg,2025-12-16
45,WH-001,Sugar,3992,kg,2025-12-04
46,WH-004,Cooking Oil,9700,kg,2026-02-17
47,WH-003,Lentils,5072,kg,2026-06-12
48,WH-004,Lentils,7530,kg,2025-08-31
49,WH-004,Sugar,6471,kg,2025-09-15
50,WH-004,Lentils,5495,kg,2026-05-18
51,WH-004,Lentils,5179,kg,2026-06-12
52,WH-002,Rice,5042,kg,2026-05-31
53,WH-004,Beans,3943,kg,2025-11-19
54,WH-003,Sugar,4283,kg,2025-08-16
55,WH-001,Salt,9003,kg,2026-02-25
56,WH-003,Sugar,1824,kg,2025-08-23
57,WH-001,Rice,9223,kg,2026-02-15
58,WH-003,Rice,1742,kg,2026-04-13
59,WH-003,Maize Flour,966,kg,2025-08-13
60,WH-001,Beans,2261,kg,2026-04-12
61,WH-002,Salt,2594,kg,2026-03-20
62,WH-002,Beans,4390,kg,2026-01-05
63,WH-002,Sugar,2478,kg,2026-07-09
64,WH-004,Salt,2804,kg,2026-04-17
65,WH-002,Rice,9529,kg,2025-11-15
66,WH-001,Cooking Oil,5622,kg,2026-03-11
67,WH-004,Sugar,9782,kg,2026-02-25
68,WH-002,Salt,4175,kg,2026-06-08
69,WH-004,Salt,5564,kg,2026-05-07
70,WH-002,Maize Flour,1967,kg,2026-03-01
71,WH-003,Sugar,9508,kg,2025-09-08
72,WH-002,Beans,815,kg,2025-08-13
73,WH-004,Beans,9389,kg,2025-10-28
74,WH-004,Rice,4228,kg,2025-12-02
75,WH-004,Rice,8057,kg,2025-10-16
76,WH-002,Beans,4618,kg,2026-07-05
77,WH-001,Salt,1993,kg,2026-02-23
78,WH-004,Beans,2693,kg,2025-12-02
79,WH-004,Lentils,5096,kg,2025-12-31
80,WH-001,Maize Flour,7960,kg,2025-08-22
81,WH-004,Cooking Oil,6919,kg,2026-07-13
82,WH-002,Beans,9773,kg,2025-07-22
83,WH-004,Sugar,6134,kg,2026-06-02
84,WH-001,Salt,9958,kg,2026-03-11
85,WH-002,Salt,1545,kg,2025-08-24
86,WH-004,Cooking Oil,4712,kg,2026-06-29
87,WH-003,Cooking Oil,8619,kg,2025-09-17
88,WH-003,Sugar,5786,kg,2025-11-16
89,WH-001,Salt,841,kg,2025-08-19
90,WH-001,Rice,8043,kg,2026-01-20
91,WH-003,Rice,6139,kg,2026-01-07
92,WH-001,Cooking Oil,2066,kg,2025-12-06
93,WH-002,Beans,2716,kg,2025-12-02
94,WH-003,Beans,4558,kg,2026-02-20
95,WH-001,Rice,4250,kg,2025-11-24
96,WH-001,Salt,677,kg,2025-11-01
97,WH-004,Sugar,9798,kg,2026-04-26
98,WH-004,Lentils,1174,kg,2026-04-05
99,WH-002,Sugar,8143,kg,2026-03-01
100,WH-003,Beans,2901,kg,2026-02-07
101,WH-002,Salt,7704,kg,2026-01-07
102,WH-004,Maize Flour,9309,kg,2025-12-11
103,WH-004,Salt,8321,kg,2026-05-07
104,WH-004,Maize Flour,6433,kg,2025-11-12
105,WH-001,Maize Flour,7580,kg,2026-07-01
106,WH-003,Sugar,3288,kg,2025-11-05
107,WH-002,Lentils,9662,kg,2026-04-20
108,WH-004,Salt,7679,kg,2025-11-26
109,WH-002,Maize Flour,2740,kg,2026-06-01
110,WH-004,Rice,1948,kg,2026-05-04
111,WH-001,Rice,8026,kg,2026-04-04
112,WH-003,Salt,5003,kg,2026-04-02
113,WH-004,Sugar,7467,kg,2026-01-14
114,WH-001,Beans,2538,kg,2026-05-15
115,WH-003,Rice,4882,kg,2025-08-13
116,WH-004,Maize Flour,8432,kg,2025-08-01
117,WH-002,Rice,8350,kg,2026-03-21
118,WH-001,Cooking Oil,3082,kg,2026-06-28
119,WH-004,Cooking Oil,9354,kg,2025-12-11
120,WH-004,Beans,3531,kg,2025-10-13
121,WH-001,Salt,8986,kg,2025-11-29
122,WH-002,Sugar,3903,kg,2026-05-04
123,WH-004,Lentils,5061,kg,2025-08-18
124,WH-004,Rice,555,kg,2026-01-15
125,WH-001,Maize Flour,2731,kg,2026-05-09
126,WH-004,Beans,9805,kg,2025-12-06
127,WH-004,Salt,2425,kg,2025-08-27
128,WH-002,Rice,436,kg,2026-01-14
129,WH-001,Beans,1163,kg,2025-11-25
130,WH-002,Maize Flour,322,kg,2025-12-23
131,WH-001,Lentils,4222,kg,2025-08-15
132,WH-003,Rice,4490,kg,2025-08-30
133,WH-002,Salt,2404,kg,2025-12-11
134,WH-004,Sugar,6279,kg,2025-08-13
135,WH-002,Cooking Oil,8538,kg,2025-08-02
136,WH-003,Beans,8439,kg,2026-01-21
137,WH-001,Sugar,9920,kg,2026-02-06
138,WH-002,Cooking Oil,9092,kg,2025-08-13
139,WH-004,Beans,2917,kg,2026-04-20
140,WH-001,Rice,6381,kg,2026-04-25
141,WH-002,Cooking Oil,7810,kg,2025-08-17
142,WH-001,Sugar,6185,kg,2026-02-02
143,WH-001,Salt,8982,kg,2026-03-24
144,WH-003,Sugar,4201,kg,2025-12-19
145,WH-002,Beans,5714,kg,2025-09-15
146,WH-003,Salt,9586,kg,2026-03-07
147,WH-002,Lentils,9378,kg,2026-01-16
148,WH-003,Rice,467,kg,2026-03-21
149,WH-001,Rice,1561,kg,2025-12-04
150,WH-002,Maize Flour,573,kg,2025-11-06
151,WH-001,Beans,4811,kg,2025-11-23
152,WH-002,Sugar,780,kg,2025-11-22
153,WH-004,Cooking Oil,1043,kg,2026-02-22
154,WH-003,Rice,9020,kg,2025-08-25
155,WH-003,Salt,3041,kg,2025-09-06
156,WH-001,Sugar,2610,kg,2025-09-29
157,WH-002,Sugar,6699,kg,2025-08-15
158,WH-004,Cooking Oil,2469,kg,2025-08-13
159,WH-002,Beans,4598,kg,2026-02-25
160,WH-001,Salt,8974,kg,2025-09-05
161,WH-002,Beans,4016,kg,2026-06-20
162,WH-002,Sugar,306,kg,2025-09-06
163,WH-002,Rice,8732,kg,2025-10-04
164,WH-003,Maize Flour,6085,kg,2026-04-20
165,WH-002,Cooking Oil,9466,kg,2025-10-24
166,WH-003,Cooking Oil,1178,kg,2026-06-17
167,WH-003,Cooking Oil,3873,kg,2025-07-24
168,WH-004,Lentils,999,kg,2025-12-23
169,WH-001,Cooking Oil,5871,kg,2026-03-26
170,WH-001,Maize Flour,8366,kg,2025-09-25
171,WH-001,Beans,4141,kg,2026-04-05
172,WH-001,Cooking Oil,5690,kg,2025-11-04
173,WH-003,Cooking Oil,9936,kg,2025-08-03
174,WH-003,Rice,8821,kg,2025-08-30
175,WH-001,Salt,7030,kg,2026-05-30
176,WH-002,Lentils,7789,kg,2026-05-19
177,WH-001,Beans,8494,kg,2025-10-13
178,WH-003,Maize Flour,5556,kg,2026-04-04
179,WH-004,Cooking Oil,3569,kg,2026-04-09
180,WH-003,Maize Flour,6390,kg,2025-08-21
181,WH-003,Salt,2443,kg,2025-09-09
182,WH-004,Salt,5806,kg,2025-07-30
183,WH-004,Salt,7222,kg,2026-07-13
184,WH-001,Maize Flour,211,kg,2025-12-26
185,WH-003,Beans,5288,kg,2025-12-27
186,WH-004,Salt,5743,kg,2026-05-28
187,WH-004,Sugar,7395,kg,2026-07-08
188,WH-002,Cooking Oil,3295,kg,2026-01-25
189,WH-004,Maize Flour,2015,kg,2026-07-18
190,WH-002,Cooking Oil,7707,kg,2026-05-10
191,WH-003,Lentils,9395,kg,2025-12-08
192,WH-003,Salt,1023,kg,2025-09-30
193,WH-004,Rice,4755,kg,2026-05-30
194,WH-004,Rice,5182,kg,2025-10-13
195,WH-003,Sugar,1873,kg,2025-08-05
196,WH-002,Maize Flour,1610,kg,2025-08-25
197,WH-004,Rice,8321,kg,2026-05-01
198,WH-003,Maize Flour,659,kg,2025-12-15
199,WH-004,Maize Flour,6815,kg,2026-04-05
200,WH-003,Beans,5429,kg,2025-12-20
201,WH-001,Beans,562,kg,2025-07-19
202,WH-003,Salt,8242,kg,2026-03-14
203,WH-001,Maize Flour,9770,kg,2026-02-10
204,WH-002,Rice,879,kg,2026-04-27
205,WH-002,Sugar,7250,kg,2026-01-08
206,WH-003,Lentils,8910,kg,2026-06-07
207,WH-001,Rice,1255,kg,2026-03-18
208,WH-001,Lentils,9718,kg,2026-05-08
209,WH-002,Beans,9002,kg,2026-06-22
210,WH-002,Lentils,9735,kg,2026-05-25
211,WH-001,Salt,7852,kg,2026-03-03
212,WH-004,Maize Flour,3126,kg,2026-03-15
213,WH-004,Cooking Oil,9572,kg,2026-01-02
214,WH-001,Maize Flour,4092,kg,2026-04-16
215,WH-001,Sugar,8370,kg,2026-06-16
216,WH-002,Maize Flour,3802,kg,2025-11-12
217,WH-001,Cooking Oil,5772,kg,2026-04-01
218,WH-004,Maize Flour,4288,kg,2026-04-06
219,WH-001,Maize Flour,2588,kg,2026-05-28
220,WH-004,Lentils,1605,kg,2026-02-07
221,WH-002,Beans,4444,kg,2026-02-20
222,WH-002,Cooking Oil,1525,kg,2026-04-20
223,WH-004,Lentils,9245,kg,2026-05-23
224,WH-004,Cooking Oil,8029,kg,2026-03-07
225,WH-002,Sugar,4934,kg,2026-03-25
226,WH-002,Beans,4770,kg,2026-03-09
227,WH-003,Sugar,3968,kg,2025-08-08
228,WH-001,Maize Flour,1641,kg,2026-04-04
229,WH-004,Lentils,2510,kg,2026-02-11
230,WH-002,Beans,4333,kg,2026-04-24
231,WH-004,Rice,8315,kg,2026-02-09
232,WH-003,Rice,7535,kg,2026-02-01
233,WH-003,Beans,8181,kg,2025-10-27
234,WH-002,Salt,9180,kg,2025-07-27
235,WH-002,Beans,5420,kg,2026-01-08
236,WH-003,Cooking Oil,5111,kg,2025-08-09
237,WH-001,Maize Flour,1920,kg,2025-08-07
238,WH-003,Cooking Oil,385,kg,2025-12-04
239,WH-002,Salt,3104,kg,2025-10-04
240,WH-002,Salt,7734,kg,2026-03-18
241,WH-002,Beans,6026,kg,2026-06-17
242,WH-002,Salt,4735,kg,2026-04-06
243,WH-004,Maize Flour,8838,kg,2026-03-30
244,WH-004,Lentils,3397,kg,2026-03-12
245,WH-003,Sugar,2013,kg,2026-03-17
246,WH-003,Cooking Oil,3383,kg,2026-06-02
247,WH-003,Salt,1614,kg,2026-02-15
248,WH-004,Rice,963,kg,2026-03-13
249,WH-001,Rice,1869,kg,2026-05-15
250,WH-003,Salt,9702,kg,2026-07-08
251,WH-002,Beans,6840,kg,2026-04-06
252,WH-004,Rice,8496,kg,2025-12-25
253,WH-004,Salt,4898,kg,2026-06-14
254,WH-003,Beans,9822,kg,2025-10-09
255,WH-003,Cooking Oil,6731,kg,2025-08-06
256,WH-004,Lentils,466,kg,2026-04-19
257,WH-001,Beans,6229,kg,2026-03-03
258,WH-004,Sugar,2636,kg,2026-04-02
259,WH-001,Lentils,4552,kg,2026-05-17
260,WH-003,Salt,2417,kg,2026-02-05
261,WH-003,Sugar,8288,kg,2025-11-13
262,WH-001,Sugar,1371,kg,2026-03-23
263,WH-002,Beans,3774,kg,2025-12-05
264,WH-001,Beans,4154,kg,2025-08-03
265,WH-003,Maize Flour,6235,kg,2025-09-10
266,WH-003,Beans,1210,kg,2025-07-25
267,WH-001,Sugar,8021,kg,2026-01-07
268,WH-002,Maize Flour,1421,kg,2026-01-05
269,WH-001,Lentils,3705,kg,2026-01-14
270,WH-001,Rice,3547,kg,2025-08-17
271,WH-003,Salt,280,kg,2025-07-20
272,WH-002,Sugar,8495,kg,2025-12-19
273,WH-004,Rice,9664,kg,2026-03-01
274,WH-002,Beans,4334,kg,2026-06-08
275,WH-003,Maize Flour,852,kg,2026-04-27
276,WH-001,Salt,2600,kg,2026-03-01
277,WH-001,Cooking Oil,9064,kg,2026-04-24
278,WH-002,Cooking Oil,3450,kg,2026-06-10
279,WH-002,Maize Flour,9740,kg,2025-11-01
280,WH-003,Cooking Oil,4842,kg,2026-03-27
281,WH-002,Maize Flour,1472,kg,2026-03-20
282,WH-002,Maize Flour,7171,kg,2026-07-16
283,WH-002,Lentils,4151,kg,2026-03-17
284,WH-002,Salt,792,kg,2026-01-20
285,WH-004,Beans,2057,kg,2026-05-16
286,WH-002,Sugar,3966,kg,2025-12-06
287,WH-002,Rice,9770,kg,2026-06-01
288,WH-001,Beans,5636,kg,2025-08-05
289,WH-004,Beans,7378,kg,2026-06-04
290,WH-001,Rice,3937,kg,2026-02-16
291,WH-001,Rice,7792,kg,2025-10-05
292,WH-001,Lentils,9137,kg,2026-02-08
293,WH-001,Salt,262,kg,2026-03-27
294,WH-003,Lentils,9186,kg,2025-08-05
295,WH-003,Salt,4758,kg,2025-09-21
296,WH-003,Rice,8604,kg,2026-02-14
297,WH-002,Maize Flour,8465,kg,2026-04-23
298,WH-002,Salt,3115,kg,2025-10-20
299,WH-003,Lentils,4042,kg,2026-05-08
300,WH-001,Lentils,1058,kg,2026-03-14
301,WH-004,Salt,7192,kg,2025-12-25
302,WH-003,Cooking Oil,404,kg,2026-05-01
303,WH-004,Rice,9062,kg,2026-04-07
304,WH-003,Lentils,7175,kg,2025-10-31
305,WH-004,Lentils,1484,kg,2025-08-09
306,WH-002,Sugar,2594,kg,2025-11-09
307,WH-001,Cooking Oil,6837,kg,2025-10-31
308,WH-001,Sugar,5270,kg,2026-07-01
309,WH-003,Rice,1546,kg,2025-08-21
310,WH-004,Maize Flour,8697,kg,2026-04-08
311,WH-003,Lentils,4408,kg,2026-02-12
312,WH-004,Maize Flour,7525,kg,2026-01-17
313,WH-002,Beans,6416,kg,2026-05-14
314,WH-001,Sugar,712,kg,2026-05-02
315,WH-003,Cooking Oil,3962,kg,2026-05-19
316,WH-004,Sugar,7002,kg,2025-11-09
317,WH-003,Sugar,6728,kg,2026-01-29
318,WH-002,Lentils,4754,kg,2026-04-01
319,WH-003,Maize Flour,2109,kg,2026-02-08
320,WH-002,Salt,8424,kg,2026-06-24
321,WH-002,Sugar,6153,kg,2025-11-12
322,WH-001,Salt,1261,kg,2026-02-10
323,WH-003,Cooking Oil,5805,kg,2025-11-07
324,WH-003,Cooking Oil,9667,kg,2026-02-11
325,WH-003,Beans,5665,kg,2025-08-31
326,WH-001,Lentils,7769,kg,2026-05-19
327,WH-004,Beans,7532,kg,2026-04-14
328,WH-001,Salt,6633,kg,2026-05-05
329,WH-001,Rice,5186,kg,2026-03-19
330,WH-001,Rice,585,kg,2025-12-01
331,WH-002,Salt,9532,kg,2025-10-20
332,WH-002,Cooking Oil,8820,kg,2025-09-26
333,WH-001,Sugar,7269,kg,2026-01-19
334,WH-004,Sugar,2943,kg,2026-01-22
335,WH-004,Maize Flour,7239,kg,2025-12-13
336,WH-001,Lentils,6556,kg,2025-08-18
337,WH-004,Cooking Oil,8226,kg,2026-01-16
338,WH-001,Beans,3520,kg,2026-02-23
339,WH-003,Beans,4688,kg,2025-09-08
340,WH-004,Beans,139,kg,2025-09-27
341,WH-002,Rice,5424,kg,2026-03-22
342,WH-001,Maize Flour,7488,kg,2025-10-06
343,WH-003,Cooking Oil,737,kg,2026-07-13
344,WH-002,Sugar,4335,kg,2026-01-01
345,WH-002,Salt,5731,kg,2026-04-18
346,WH-004,Maize Flour,1647,kg,2025-09-06
347,WH-004,Sugar,5432,kg,2026-01-30
348,WH-003,Salt,4228,kg,2026-06-07
349,WH-003,Cooking Oil,6210,kg,2026-05-25
350,WH-002,Cooking Oil,5335,kg,2026-07-09
351,WH-004,Lentils,926,kg,2025-07-29
352,WH-001,Beans,9926,kg,2026-05-10
353,WH-004,Lentils,9540,kg,2026-06-05
354,WH-002,Maize Flour,1153,kg,2026-01-17
355,WH-001,Lentils,6045,kg,2026-04-10
356,WH-004,Rice,8177,kg,2026-04-22
357,WH-002,Cooking Oil,4199,kg,2025-09-25
358,WH-001,Sugar,1025,kg,2026-05-17
359,WH-004,Beans,1579,kg,2025-11-01
360,WH-001,Sugar,8829,kg,2025-11-21
361,WH-001,Lentils,5989,kg,2026-06-01
362,WH-001,Beans,5193,kg,2025-09-09
363,WH-004,Cooking Oil,7611,kg,2026-07-02
364,WH-002,Salt,1034,kg,2025-11-10
365,WH-002,Sugar,1421,kg,2026-07-02
366,WH-004,Rice,7029,kg,2025-10-04
367,WH-001,Beans,790,kg,2025-10-20
368,WH-003,Salt,6494,kg,2025-10-01
369,WH-004,Beans,3970,kg,2026-03-24
370,WH-001,Lentils,5565,kg,2026-04-24
371,WH-001,Sugar,6101,kg,2026-01-03
372,WH-004,Maize Flour,6636,kg,2025-09-02
373,WH-003,Cooking Oil,806,kg,2026-05-17
374,WH-002,Beans,8702,kg,2025-08-31
375,WH-002,Cooking Oil,5624,kg,2025-10-21
376,WH-003,Lentils,4020,kg,2026-04-17
377,WH-004,Sugar,5396,kg,2025-12-10
378,WH-004,Lentils,6286,kg,2025-12-25
379,WH-003,Rice,2183,kg,2026-01-01
380,WH-004,Beans,235,kg,2026-07-07
381,WH-002,Sugar,7417,kg,2025-11-05
382,WH-004,Rice,3463,kg,2026-01-09
383,WH-001,Cooking Oil,5924,kg,2025-11-23
384,WH-003,Rice,6155,kg,2026-05-17
385,WH-002,Salt,7009,kg,2026-01-01
386,WH-002,Beans,6459,kg,2025-12-19
387,WH-004,Lentils,529,kg,2026-04-28
388,WH-002,Rice,149,kg,2026-05-29
389,WH-003,Beans,2190,kg,2026-03-02
390,WH-004,Sugar,5853,kg,2026-01-23
391,WH-002,Salt,2498,kg,2026-07-04
392,WH-002,Beans,2914,kg,2026-05-30
393,WH-001,Salt,930,kg,2025-08-08
394,WH-002,Maize Flour,3825,kg,2026-03-09
395,WH-003,Salt,3192,kg,2026-05-04
396,WH-003,Beans,8097,kg,2025-08-28
397,WH-003,Maize Flour,315,kg,2025-12-31
398,WH-003,Maize Flour,7117,kg,2025-12-22
399,WH-002,Cooking Oil,7364,kg,2026-04-02
400,WH-001,Cooking Oil,7137,kg,2025-12-11
401,WH-001,Salt,1272,kg,2025-08-15
402,WH-001,Lentils,3430,kg,2026-07-16
403,WH-001,Lentils,4098,kg,2025-12-14
404,WH-004,Rice,1061,kg,2025-11-13
405,WH-004,Cooking Oil,8920,kg,2026-06-24
406,WH-001,Salt,7190,kg,2026-06-22
407,WH-004,Maize Flour,2791,kg,2025-10-17
408,WH-002,Sugar,396,kg,2025-10-04
409,WH-001,Cooking Oil,2422,kg,2026-05-30
410,WH-003,Salt,2701,kg,2025-12-20
411,WH-004,Cooking Oil,9883,kg,2025-11-23
412,WH-002,Rice,618,kg,2025-11-13
413,WH-003,Cooking Oil,4085,kg,2025-09-01
414,WH-003,Maize Flour,1694,kg,2026-06-05
415,WH-004,Sugar,3877,kg,2025-09-29
416,WH-001,Salt,6233,kg,2025-11-01
417,WH-003,Salt,7963,kg,2025-07-22
418,WH-004,Sugar,7014,kg,2025-08-23
419,WH-001,Salt,4807,kg,2026-03-06
420,WH-002,Rice,7213,kg,2026-02-25
421,WH-001,Lentils,7964,kg,2026-03-31
422,WH-003,Beans,9506,kg,2026-03-30
423,WH-003,Sugar,9838,kg,2025-10-21
424,WH-002,Rice,5201,kg,2026-05-24
425,WH-003,Cooking Oil,9371,kg,2026-05-28
426,WH-001,Salt,4648,kg,2026-04-21
427,WH-004,Beans,1918,kg,2025-12-28
428,WH-003,Lentils,3658,kg,2025-07-27
429,WH-001,Cooking Oil,6043,kg,2026-05-20
430,WH-002,Lentils,1656,kg,2026-07-08
431,WH-003,Sugar,7110,kg,2025-11-29
432,WH-002,Sugar,1584,kg,2025-12-23
433,WH-004,Rice,2358,kg,2026-04-22
434,WH-001,Rice,1574,kg,2025-10-29
435,WH-001,Beans,6479,kg,2025-09-13
436,WH-002,Rice,9544,kg,2026-01-20
437,WH-002,Lentils,7643,kg,2026-05-01
438,WH-004,Beans,771,kg,2025-10-19
439,WH-002,Lentils,9753,kg,2026-01-03
440,WH-003,Lentils,5652,kg,2026-05-05
441,WH-001,Maize Flour,9338,kg,2026-04-18
442,WH-002,Sugar,5878,kg,2025-09-27
443,WH-004,Lentils,3967,kg,2025-08-01
444,WH-001,Beans,4730,kg,2026-01-13
445,WH-001,Maize Flour,7555,kg,2025-09-07
446,WH-001,Rice,7371,kg,2026-05-27
447,WH-001,Sugar,5557,kg,2026-03-31
448,WH-003,Rice,1963,kg,2026-05-25
449,WH-003,Beans,1723,kg,2026-05-09
450,WH-004,Lentils,5985,kg,2026-05-23
451,WH-004,Lentils,8329,kg,2026-01-19
452,WH-003,Salt,4777,kg,2026-04-29
453,WH-003,Beans,7539,kg,2025-10-23
454,WH-002,Rice,5701,kg,2025-10-01
455,WH-004,Sugar,1041,kg,2026-06-11
456,WH-003,Salt,8283,kg,2026-07-06
457,WH-004,Salt,9061,kg,2025-11-09
458,WH-003,Lentils,9456,kg,2026-05-20
459,WH-001,Salt,3075,kg,2026-02-20
460,WH-001,Salt,6985,kg,2025-10-21
461,WH-004,Lentils,1379,kg,2026-06-28
462,WH-001,Sugar,7505,kg,2026-05-17
463,WH-003,Rice,8500,kg,2025-12-04
464,WH-001,Sugar,4359,kg,2026-07-18
465,WH-001,Beans,7089,kg,2026-04-19
466,WH-002,Cooking Oil,4297,kg,2026-03-16
467,WH-002,Salt,8084,kg,2026-01-30
468,WH-004,Sugar,4223,kg,2025-08-20
469,WH-004,Beans,7377,kg,2026-04-28
470,WH-003,Sugar,233,kg,2026-05-20
471,WH-003,Salt,6137,kg,2026-03-01
472,WH-002,Cooking Oil,2687,kg,2025-07-31
473,WH-003,Maize Flour,5968,kg,2025-12-07
474,WH-002,Sugar,9826,kg,2026-03-27
475,WH-002,Cooking Oil,1667,kg,2025-10-15
476,WH-003,Sugar,6161,kg,2025-12-30
477,WH-004,Salt,1539,kg,2026-01-30
478,WH-002,Lentils,5912,kg,2026-02-01
479,WH-004,Cooking Oil,9100,kg,2025-11-20
480,WH-003,Rice,3040,kg,2026-05-27
481,WH-003,Cooking Oil,1846,kg,2026-07-18
482,WH-003,Sugar,4362,kg,2025-12-28
483,WH-004,Lentils,2249,kg,2025-07-24
484,WH-003,Rice,5377,kg,2025-12-12
485,WH-003,Sugar,9176,kg,2026-01-26
486,WH-001,Sugar,8798,kg,2026-07-02
487,WH-001,Cooking Oil,9787,kg,2025-11-14
488,WH-002,Salt,6745,kg,2026-02-23
489,WH-001,Lentils,9573,kg,2025-09-15
490,WH-001,Cooking Oil,9983,kg,2025-12-06
491,WH-001,Cooking Oil,8706,kg,2025-08-31
492,WH-002,Rice,9041,kg,2025-12-20
493,WH-003,Rice,1724,kg,2026-01-12
494,WH-003,Salt,6430,kg,2025-11-11
495,WH-001,Rice,8524,kg,2025-11-08
496,WH-001,Rice,6522,kg,2026-03-29
497,WH-003,Sugar,5549,kg,2026-06-17
498,WH-004,Rice,6051,kg,2025-12-12
499,WH-004,Sugar,416,kg,2026-05-27
500,WH-001,Maize Flour,6389,kg,2026-04-13
501,WH-003,Lentils,5534,kg,2026-05-20
502,WH-002,Beans,730,kg,2026-02-28
503,WH-003,Cooking Oil,6292,kg,2025-09-29
504,WH-001,Maize Flour,8113,kg,2025-12-15
505,WH-004,Salt,8679,kg,2025-09-13
506,WH-003,Lentils,5211,kg,2025-09-30
507,WH-001,Salt,9878,kg,2025-08-15
508,WH-001,Maize Flour,9585,kg,2025-08-24
509,WH-003,Salt,7636,kg,2025-12-20
510,WH-003,Lentils,1294,kg,2026-06-18
511,WH-001,Cooking Oil,1749,kg,2025-10-16
512,WH-003,Salt,3235,kg,2026-05-01
513,WH-004,Salt,6760,kg,2026-05-26
514,WH-001,Rice,3075,kg,2026-01-15
515,WH-003,Cooking Oil,1941,kg,2026-06-01
516,WH-004,Maize Flour,2825,kg,2026-05-26
517,WH-004,Maize Flour,2306,kg,2026-02-14
518,WH-002,Lentils,1748,kg,2025-10-14
519,WH-002,Maize Flour,978,kg,2026-01-30
520,WH-003,Salt,3335,kg,2026-01-08
521,WH-002,Rice,3245,kg,2026-06-07
522,WH-001,Salt,112,kg,2025-10-22
523,WH-004,Lentils,2600,kg,2026-02-17
524,WH-004,Rice,7877,kg,2026-03-02
525,WH-001,Sugar,3820,kg,2025-10-15
526,WH-001,Salt,558,kg,2025-07-21
527,WH-003,Rice,730,kg,2026-01-01
528,WH-004,Maize Flour,245,kg,2026-02-25
529,WH-004,Maize Flour,2153,kg,2025-07-29
530,WH-002,Salt,1155,kg,2026-03-30
531,WH-001,Sugar,9244,kg,2025-11-30
532,WH-001,Sugar,7750,kg,2025-09-03
533,WH-002,Rice,3240,kg,2026-02-09
534,WH-002,Cooking Oil,7499,kg,2026-01-25
535,WH-001,Salt,2659,kg,2025-11-18
536,WH-002,Rice,4403,kg,2026-01-28
537,WH-003,Cooking Oil,795,kg,2025-09-30
538,WH-002,Rice,9363,kg,2025-07-25
539,WH-002,Maize Flour,3142,kg,2026-02-14
540,WH-002,Maize Flour,3332,kg,2025-09-18
541,WH-003,Beans,9008,kg,2026-06-05
542,WH-003,Cooking Oil,2792,kg,2025-12-30
543,WH-003,Lentils,3807,kg,2026-07-02
544,WH-001,Cooking Oil,9846,kg,2025-08-16
545,WH-001,Salt,7821,kg,2026-06-14
546,WH-003,Salt,823,kg,2025-07-21
547,WH-003,Lentils,4718,kg,2026-05-05
548,WH-004,Salt,8409,kg,2025-08-16
549,WH-004,Lentils,514,kg,2025-10-29
550,WH-003,Rice,9372,kg,2025-08-06
551,WH-001,Cooking Oil,5332,kg,2026-05-21
552,WH-002,Lentils,9845,kg,2025-12-05
553,WH-003,Maize Flour,1554,kg,2026-04-05
554,WH-002,Lentils,3295,kg,2025-11-20
555,WH-003,Beans,3444,kg,2025-08-09
556,WH-004,Salt,8996,kg,2025-08-14
557,WH-002,Sugar,5784,kg,2025-12-07
558,WH-002,Salt,6144,kg,2025-12-15
559,WH-004,Cooking Oil,592,kg,2025-10-31
560,WH-003,Maize Flour,8633,kg,2026-05-02
561,WH-001,Salt,5317,kg,2026-01-11
562,WH-002,Rice,391,kg,2026-05-01
563,WH-003,Lentils,9093,kg,2026-04-06
564,WH-004,Beans,4224,kg,2026-03-06
565,WH-002,Salt,9023,kg,2025-08-08
566,WH-002,Salt,7147,kg,2025-12-09
567,WH-004,Salt,4630,kg,2025-10-21
568,WH-003,Rice,2461,kg,2025-11-09
569,WH-002,Salt,3575,kg,2026-05-25
570,WH-004,Lentils,8563,kg,2025-08-22
571,WH-004,Sugar,3426,kg,2025-07-30
572,WH-001,Maize Flour,1199,kg,2026-01-25
573,WH-001,Rice,7497,kg,2026-03-11
574,WH-001,Sugar,727,kg,2026-07-12
575,WH-004,Cooking Oil,6675,kg,2025-07-19
576,WH-003,Lentils,9714,kg,2026-03-24
577,WH-003,Salt,9582,kg,2025-11-28
578,WH-004,Sugar,3990,kg,2025-08-24
579,WH-003,Lentils,3706,kg,2026-06-14
580,WH-004,Rice,7479,kg,2025-10-03
581,WH-003,Maize Flour,7029,kg,2025-10-05
582,WH-001,Beans,3395,kg,2026-02-04
583,WH-001,Sugar,8408,kg,2026-02-07
584,WH-003,Cooking Oil,768,kg,2025-09-26
585,WH-001,Salt,9290,kg,2026-07-13
586,WH-004,Lentils,9014,kg,2025-11-18
587,WH-003,Maize Flour,7552,kg,2026-02-18
588,WH-002,Maize Flour,1895,kg,2025-11-30
589,WH-004,Beans,9160,kg,2026-05-30
590,WH-004,Lentils,5349,kg,2026-05-10
591,WH-004,Cooking Oil,2130,kg,2025-09-27
592,WH-001,Salt,8149,kg,2026-06-15
593,WH-002,Sugar,7267,kg,2025-08-07
594,WH-003,Rice,893,kg,2025-12-04
595,WH-004,Maize Flour,2950,kg,2026-05-30
596,WH-002,Salt,1844,kg,2025-08-26
597,WH-004,Salt,9121,kg,2025-11-10
598,WH-003,Beans,4864,kg,2026-01-03
599,WH-001,Lentils,565,kg,2026-03-24
600,WH-004,Salt,1548,kg,2025-09-14
601,WH-004,Rice,3505,kg,2026-03-18
602,WH-001,Salt,1843,kg,2025-08-12
603,WH-004,Rice,6529,kg,2026-05-21
604,WH-002,Beans,6376,kg,2025-11-20
605,WH-003,Salt,9299,kg,2025-11-12
606,WH-001,Beans,8301,kg,2025-11-28
607,WH-002,Rice,1532,kg,2026-03-14
608,WH-001,Salt,4480,kg,2026-02-08
609,WH-001,Maize Flour,328,kg,2026-06-18
610,WH-002,Cooking Oil,6020,kg,2025-07-22
611,WH-004,Beans,8201,kg,2025-10-08
612,WH-003,Sugar,4626,kg,2025-08-03
613,WH-001,Rice,1321,kg,2026-02-12
614,WH-004,Maize Flour,7234,kg,2025-08-28
615,WH-001,Rice,2527,kg,2026-01-03
616,WH-001,Rice,8305,kg,2026-05-16
617,WH-002,Sugar,5826,kg,2025-08-12
618,WH-001,Cooking Oil,1677,kg,2026-07-07
619,WH-001,Beans,2894,kg,2026-02-05
620,WH-003,Beans,3346,kg,2025-08-11
621,WH-001,Cooking Oil,4692,kg,2026-02-17
622,WH-001,Beans,1719,kg,2025-09-14
623,WH-002,Sugar,1806,kg,2026-07-01
624,WH-004,Salt,1252,kg,2025-12-23
625,WH-003,Sugar,8276,kg,2025-10-19
626,WH-004,Sugar,9074,kg,2026-06-24
627,WH-002,Cooking Oil,7983,kg,2025-12-25
628,WH-004,Beans,6878,kg,2026-05-15
629,WH-002,Maize Flour,3031,kg,2026-01-19
630,WH-003,Rice,6195,kg,2026-04-13
631,WH-003,Sugar,1118,kg,2026-03-08
632,WH-003,Salt,2569,kg,2026-04-29
633,WH-004,Cooking Oil,6354,kg,2025-09-27
634,WH-004,Beans,6805,kg,2026-01-21
635,WH-001,Beans,3787,kg,2026-05-27
636,WH-004,Maize Flour,5264,kg,2026-04-12
637,WH-004,Rice,9398,kg,2026-01-16
638,WH-001,Lentils,6330,kg,2026-06-01
639,WH-001,Salt,2150,kg,2026-06-24
640,WH-002,Rice,1203,kg,2025-11-02
641,WH-001,Beans,9063,kg,2026-06-20
642,WH-002,Cooking Oil,4982,kg,2026-01-28
643,WH-004,Maize Flour,3868,kg,2026-07-16
644,WH-001,Beans,4778,kg,2026-07-05
645,WH-004,Rice,7450,kg,2026-04-08
646,WH-003,Rice,5805,kg,2025-08-10
647,WH-003,Beans,2276,kg,2026-01-23
648,WH-001,Beans,8295,kg,2025-12-23
649,WH-003,Maize Flour,3669,kg,2026-04-25
650,WH-001,Maize Flour,2468,kg,2025-08-21
651,WH-001,Rice,2771,kg,2026-03-09
652,WH-002,Sugar,4767,kg,2026-06-26
653,WH-004,Maize Flour,1592,kg,2026-02-12
654,WH-001,Maize Flour,3173,kg,2026-04-10
655,WH-002,Rice,7575,kg,2026-03-13
656,WH-004,Lentils,3339,kg,2026-01-18
657,WH-003,Beans,7069,kg,2026-06-11
658,WH-001,Rice,7375,kg,2025-08-24
659,WH-004,Maize Flour,556,kg,2025-12-10
660,WH-002,Sugar,2002,kg,2026-02-09
661,WH-002,Sugar,2304,kg,2025-11-08
662,WH-002,Salt,9486,kg,2025-11-12
663,WH-002,Sugar,5538,kg,2026-03-10
664,WH-003,Lentils,5181,kg,2026-05-25
665,WH-004,Maize Flour,3083,kg,2026-02-02
666,WH-004,Maize Flour,1373,kg,2026-07-13
667,WH-001,Beans,4522,kg,2025-07-23
668,WH-003,Maize Flour,8272,kg,2025-07-28
669,WH-004,Cooking Oil,7647,kg,2025-12-02
670,WH-004,Sugar,9892,kg,2026-04-16
671,WH-001,Salt,7555,kg,2026-05-10
672,WH-004,Salt,3129,kg,2026-06-21
673,WH-004,Beans,2491,kg,2026-06-13
674,WH-004,Maize Flour,5968,kg,2025-10-05
675,WH-004,Lentils,7241,kg,2026-01-06
676,WH-002,Cooking Oil,5417,kg,2025-08-15
677,WH-004,Rice,2309,kg,2026-06-21
678,WH-004,Cooking Oil,8192,kg,2026-07-04
679,WH-004,Maize Flour,4571,kg,2025-12-30
680,WH-004,Maize Flour,9074,kg,2026-04-26
681,WH-003,Lentils,173,kg,2026-06-21
682,WH-001,Beans,7753,kg,2026-05-21
683,WH-002,Cooking Oil,4864,kg,2025-08-19
684,WH-004,Lentils,4165,kg,2026-05-08
685,WH-001,Maize Flour,4111,kg,2026-03-27
686,WH-001,Beans,9333,kg,2025-09-15
687,WH-001,Maize Flour,3710,kg,2026-04-03
688,WH-002,Sugar,1554,kg,2026-01-02
689,WH-003,Maize Flour,9659,kg,2025-10-04
690,WH-004,Sugar,4901,kg,2026-06-21
691,WH-002,Rice,4560,kg,2026-06-27
692,WH-002,Lentils,9643,kg,2026-02-28
693,WH-004,Rice,3356,kg,2026-04-27
694,WH-001,Cooking Oil,9503,kg,2026-05-27
695,WH-002,Rice,263,kg,2025-08-07
696,WH-003,Lentils,5943,kg,2025-10-05
697,WH-001,Maize Flour,6590,kg,2025-11-09
698,WH-004,Rice,2135,kg,2026-06-03
699,WH-004,Salt,4244,kg,2026-06-20
700,WH-001,Rice,6929,kg,2025-07-27
701,WH-003,Sugar,8236,kg,2026-01-20
702,WH-002,Sugar,799,kg,2026-06-26
703,WH-003,Cooking Oil,6539,kg,2026-05-25
704,WH-001,Maize Flour,3188,kg,2026-05-05
705,WH-003,Maize Flour,2331,kg,2026-05-14
706,WH-003,Salt,9351,kg,2025-07-29
707,WH-001,Beans,6994,kg,2025-11-05
708,WH-003,Beans,2289,kg,2025-10-04
709,WH-002,Lentils,9343,kg,2025-08-02
710,WH-004,Maize Flour,6067,kg,2025-09-21
711,WH-003,Cooking Oil,8137,kg,2025-09-20
712,WH-004,Salt,9216,kg,2026-04-28
713,WH-001,Rice,5976,kg,2026-05-29
714,WH-001,Sugar,9192,kg,2026-06-23
715,WH-003,Sugar,6757,kg,2026-06-02
716,WH-001,Sugar,5365,kg,2025-11-01
717,WH-002,Salt,4510,kg,2025-10-30
718,WH-001,Maize Flour,2211,kg,2026-05-05
719,WH-004,Cooking Oil,2534,kg,2026-03-15
720,WH-001,Sugar,4668,kg,2026-05-18
721,WH-001,Beans,4120,kg,2026-02-01
722,WH-001,Rice,4198,kg,2025-12-27
723,WH-002,Salt,8465,kg,2026-04-23
724,WH-002,Beans,3853,kg,2026-07-09
725,WH-004,Sugar,8633,kg,2026-04-08
726,WH-002,Cooking Oil,1915,kg,2026-05-15
727,WH-003,Lentils,3074,kg,2026-02-18
728,WH-003,Beans,3521,kg,2026-04-24
729,WH-001,Rice,5330,kg,2025-11-23
730,WH-001,Rice,708,kg,2025-11-04
731,WH-001,Beans,7922,kg,2025-09-29
732,WH-001,Maize Flour,4166,kg,2026-01-14
733,WH-001,Lentils,1727,kg,2025-09-19
734,WH-001,Salt,7367,kg,2025-08-06
735,WH-002,Rice,8917,kg,2025-09-16
736,WH-004,Rice,5211,kg,2026-03-22
737,WH-004,Cooking Oil,7610,kg,2026-06-26
738,WH-001,Rice,5826,kg,2026-01-19
739,WH-001,Cooking Oil,7673,kg,2026-03-16
740,WH-004,Beans,207,kg,2025-10-15
741,WH-001,Cooking Oil,8412,kg,2026-06-13
742,WH-003,Rice,4927,kg,2026-06-05
743,WH-003,Beans,3718,kg,2025-08-25
744,WH-004,Cooking Oil,6897,kg,2026-06-13
745,WH-001,Rice,8496,kg,2026-01-17
746,WH-001,Cooking Oil,2767,kg,2026-05-20
747,WH-003,Sugar,5561,kg,2025-12-04
748,WH-002,Salt,8015,kg,2025-11-19
749,WH-001,Salt,241,kg,2026-06-02
750,WH-004,Cooking Oil,8726,kg,2025-09-04
751,WH-003,Cooking Oil,4753,kg,2025-08-18
752,WH-003,Salt,5414,kg,2025-10-23
753,WH-003,Beans,8762,kg,2026-04-04
754,WH-004,Rice,2186,kg,2025-11-22
755,WH-004,Lentils,7988,kg,2025-08-13
756,WH-004,Lentils,1183,kg,2025-08-19
757,WH-001,Cooking Oil,4680,kg,2025-08-02
758,WH-001,Salt,4231,kg,2026-05-06
759,WH-003,Cooking Oil,8427,kg,2025-10-02
760,WH-004,Maize Flour,8423,kg,2025-12-16
761,WH-004,Beans,2895,kg,2026-07-03
762,WH-002,Lentils,5567,kg,2025-10-20
763,WH-004,Beans,7527,kg,2026-03-24
764,WH-001,Rice,1616,kg,2025-10-12
765,WH-003,Sugar,2245,kg,2026-07-10
766,WH-002,Lentils,5502,kg,2025-10-18
767,WH-004,Cooking Oil,615,kg,2026-04-22
768,WH-002,Cooking Oil,6198,kg,2025-10-05
769,WH-004,Maize Flour,6030,kg,2025-07-24
770,WH-003,Lentils,6600,kg,2026-02-12
771,WH-001,Salt,5721,kg,2026-05-19
772,WH-002,Beans,3158,kg,2025-12-10
773,WH-003,Salt,8857,kg,2025-09-23
774,WH-002,Lentils,4741,kg,2025-09-16
775,WH-001,Cooking Oil,5302,kg,2025-12-06
776,WH-003,Beans,9209,kg,2025-11-21
777,WH-002,Cooking Oil,3249,kg,2026-01-12
778,WH-001,Cooking Oil,6181,kg,2025-07-25
779,WH-001,Lentils,6629,kg,2026-03-30
780,WH-003,Maize Flour,8966,kg,2025-08-24
781,WH-002,Rice,4442,kg,2026-03-12
782,WH-004,Beans,6354,kg,2025-11-28
783,WH-001,Cooking Oil,3926,kg,2025-12-27
784,WH-001,Maize Flour,7687,kg,2025-12-04
785,WH-004,Sugar,9484,kg,2025-07-22
786,WH-002,Rice,2571,kg,2025-10-30
787,WH-004,Maize Flour,1694,kg,2025-09-03
788,WH-001,Salt,7849,kg,2026-05-22
789,WH-002,Maize Flour,6847,kg,2025-11-26
790,WH-002,Salt,9837,kg,2026-01-31
791,WH-003,Salt,2000,kg,2025-08-30
792,WH-004,Cooking Oil,4551,kg,2025-07-28
793,WH-004,Maize Flour,4930,kg,2025-11-17
794,WH-002,Beans,1243,kg,2025-10-21
795,WH-004,Beans,8598,kg,2025-09-30
796,WH-001,Maize Flour,5560,kg,2026-02-07
797,WH-003,Lentils,6776,kg,2026-05-03
798,WH-003,Maize Flour,8932,kg,2026-03-10
799,WH-003,Sugar,7760,kg,2025-12-22
800,WH-002,Rice,7137,kg,2026-05-22
801,WH-001,Beans,5651,kg,2025-12-28
802,WH-004,Lentils,2758,kg,2026-07-18
803,WH-002,Lentils,6017,kg,2025-12-03
804,WH-004,Salt,7761,kg,2026-04-30
805,WH-004,Salt,1114,kg,2025-11-20
806,WH-001,Maize Flour,5385,kg,2025-10-26
807,WH-003,Lentils,2523,kg,2026-06-17
808,WH-002,Salt,217,kg,2026-04-06
809,WH-002,Sugar,7465,kg,2025-12-01
810,WH-002,Sugar,2737,kg,2026-02-25
811,WH-002,Maize Flour,7273,kg,2026-01-13
812,WH-003,Salt,3674,kg,2025-11-16
813,WH-001,Rice,9317,kg,2025-10-24
814,WH-002,Maize Flour,749,kg,2025-12-27
815,WH-002,Lentils,9650,kg,2025-10-29
816,WH-004,Lentils,7645,kg,2026-05-19
817,WH-003,Lentils,6321,kg,2026-05-24
818,WH-002,Rice,8194,kg,2026-02-01
819,WH-003,Lentils,8023,kg,2026-06-08
820,WH-004,Cooking Oil,2383,kg,2026-01-02
821,WH-004,Rice,8749,kg,2026-05-29
822,WH-003,Salt,194,kg,2026-07-18
823,WH-003,Lentils,2048,kg,2026-03-14
824,WH-004,Cooking Oil,3090,kg,2026-01-26
825,WH-004,Lentils,8529,kg,2026-02-04
826,WH-002,Maize Flour,1275,kg,2026-01-21
827,WH-001,Sugar,3129,kg,2026-05-26
828,WH-004,Rice,6808,kg,2026-04-30
829,WH-004,Lentils,7917,kg,2025-11-19
830,WH-001,Lentils,1313,kg,2026-02-28
831,WH-002,Maize Flour,8015,kg,2026-02-24
832,WH-004,Salt,3311,kg,2025-12-05
833,WH-002,Cooking Oil,6867,kg,2025-09-17
834,WH-001,Salt,6466,kg,2025-11-20
835,WH-001,Salt,4616,kg,2025-10-08
836,WH-003,Salt,6925,kg,2025-12-15
837,WH-004,Cooking Oil,1949,kg,2026-06-17
838,WH-003,Rice,1906,kg,2025-08-05
839,WH-004,Maize Flour,9606,kg,2025-10-06
840,WH-001,Rice,4042,kg,2026-01-28
841,WH-003,Cooking Oil,1793,kg,2026-05-16
842,WH-004,Rice,3757,kg,2026-03-09
843,WH-001,Lentils,6045,kg,2026-05-04
844,WH-004,Rice,7017,kg,2026-03-24
845,WH-002,Maize Flour,913,kg,2026-05-15
846,WH-004,Maize Flour,9164,kg,2025-08-28
847,WH-004,Maize Flour,7427,kg,2026-01-29
848,WH-001,Salt,6865,kg,2026-04-07
849,WH-002,Beans,5824,kg,2025-10-31
850,WH-001,Rice,143,kg,2026-07-06
851,WH-004,Sugar,4352,kg,2025-09-12
852,WH-001,Cooking Oil,7537,kg,2026-07-16
853,WH-001,Sugar,9163,kg,2026-04-28
854,WH-001,Salt,5420,kg,2026-06-04
855,WH-003,Rice,7127,kg,2026-07-02
856,WH-003,Cooking Oil,9342,kg,2025-11-01
857,WH-002,Maize Flour,1334,kg,2026-02-07
858,WH-002,Maize Flour,1824,kg,2025-11-02
859,WH-001,Maize Flour,109,kg,2025-11-24
860,WH-001,Beans,1487,kg,2025-12-05
861,WH-001,Cooking Oil,417,kg,2025-11-08
862,WH-004,Sugar,2623,kg,2025-11-09
863,WH-002,Cooking Oil,7977,kg,2026-05-31
864,WH-004,Rice,6931,kg,2026-02-04
865,WH-004,Lentils,531,kg,2026-03-05
866,WH-003,Beans,5071,kg,2026-07-09
867,WH-004,Salt,6643,kg,2026-05-31
868,WH-004,Sugar,8117,kg,2026-01-25
869,WH-004,Lentils,9297,kg,2025-12-07
870,WH-002,Sugar,133,kg,2025-08-25
871,WH-002,Salt,8744,kg,2025-07-28
872,WH-002,Salt,5216,kg,2026-04-10
873,WH-001,Beans,9874,kg,2026-04-30
874,WH-003,Salt,8698,kg,2026-05-01
875,WH-001,Lentils,5683,kg,2025-12-31
876,WH-004,Sugar,5810,kg,2025-07-28
877,WH-004,Salt,3039,kg,2026-05-28
878,WH-003,Maize Flour,650,kg,2026-05-26
879,WH-001,Cooking Oil,4265,kg,2025-12-26
880,WH-003,Maize Flour,8498,kg,2025-09-08
881,WH-004,Sugar,7298,kg,2026-01-22
882,WH-004,Rice,6362,kg,2026-01-17
883,WH-002,Rice,5980,kg,2025-09-14
884,WH-004,Sugar,4866,kg,2026-04-02
885,WH-004,Salt,4836,kg,2026-02-27
886,WH-004,Sugar,5738,kg,2025-09-25
887,WH-002,Cooking Oil,5817,kg,2025-09-01
888,WH-003,Rice,5776,kg,2025-09-29
889,WH-003,Lentils,3982,kg,2025-11-03
890,WH-003,Lentils,7597,kg,2026-03-06
891,WH-001,Maize Flour,1698,kg,2026-06-29
892,WH-003,Sugar,7526,kg,2025-10-26
893,WH-001,Cooking Oil,6306,kg,2025-11-08
894,WH-001,Rice,920,kg,2026-03-06
895,WH-003,Salt,279,kg,2026-06-01
896,WH-002,Lentils,9021,kg,2025-11-14
897,WH-001,Beans,6166,kg,2025-12-07
898,WH-002,Cooking Oil,9115,kg,2025-09-30
899,WH-002,Salt,7457,kg,2025-12-27
900,WH-004,Beans,4193,kg,2026-01-04
901,WH-001,Cooking Oil,7315,kg,2025-11-08
902,WH-004,Cooking Oil,1633,kg,2026-07-12
903,WH-001,Lentils,6735,kg,2025-10-20
904,WH-001,Maize Flour,9052,kg,2025-10-26
905,WH-003,Beans,2995,kg,2026-03-04
906,WH-004,Beans,2151,kg,2025-09-03
907,WH-002,Cooking Oil,3224,kg,2026-01-16
908,WH-001,Sugar,4508,kg,2025-11-22
909,WH-002,Rice,8018,kg,2026-05-28
910,WH-003,Maize Flour,2844,kg,2026-01-09
911,WH-003,Rice,9557,kg,2025-07-24
912,WH-004,Maize Flour,9112,kg,2025-12-26
913,WH-001,Maize Flour,1744,kg,2025-10-08
914,WH-001,Lentils,838,kg,2025-07-20
915,WH-004,Sugar,4765,kg,2026-01-06
916,WH-003,Rice,6419,kg,2026-06-04
917,WH-003,Maize Flour,3733,kg,2025-09-13
918,WH-001,Salt,4462,kg,2026-07-03
919,WH-004,Beans,8822,kg,2025-11-21
920,WH-002,Beans,1678,kg,2026-02-21
921,WH-003,Sugar,9994,kg,2026-05-09
922,WH-002,Cooking Oil,8519,kg,2025-12-05
923,WH-002,Cooking Oil,6763,kg,2025-10-07
924,WH-004,Cooking Oil,156,kg,2025-12-24
925,WH-002,Lentils,4882,kg,2025-10-07
926,WH-001,Rice,3753,kg,2026-06-19
927,WH-004,Cooking Oil,2290,kg,2025-08-18
928,WH-001,Maize Flour,7532,kg,2025-08-07
929,WH-001,Sugar,5593,kg,2026-02-04
930,WH-003,Sugar,181,kg,2025-12-21
931,WH-003,Rice,7318,kg,2026-02-16
932,WH-001,Rice,3441,kg,2025-12-01
933,WH-003,Maize Flour,9602,kg,2026-01-31
934,WH-002,Salt,5879,kg,2025-10-06
935,WH-002,Salt,624,kg,2026-03-27
936,WH-001,Maize Flour,9046,kg,2026-06-08
937,WH-003,Rice,9135,kg,2025-08-07
938,WH-002,Cooking Oil,9380,kg,2026-01-16
939,WH-001,Sugar,2733,kg,2026-02-10
940,WH-003,Cooking Oil,1874,kg,2025-10-09
941,WH-002,Cooking Oil,3400,kg,2025-10-05
942,WH-002,Sugar,2970,kg,2026-04-05
943,WH-003,Beans,2247,kg,2025-10-04
944,WH-003,Cooking Oil,8304,kg,2025-09-30
945,WH-003,Lentils,8560,kg,2025-11-05
946,WH-004,Beans,6445,kg,2025-10-16
947,WH-004,Sugar,5461,kg,2026-03-09
948,WH-002,Salt,3104,kg,2025-11-01
949,WH-002,Rice,4258,kg,2025-09-26
950,WH-003,Rice,5115,kg,2026-04-27
951,WH-002,Salt,7191,kg,2026-06-03
952,WH-001,Cooking Oil,8350,kg,2026-01-28
953,WH-001,Rice,5185,kg,2025-11-04
954,WH-003,Cooking Oil,1175,kg,2025-11-27
955,WH-004,Rice,5659,kg,2025-09-25
956,WH-002,Beans,5929,kg,2025-09-17
957,WH-003,Salt,5271,kg,2026-05-13
958,WH-003,Beans,8240,kg,2026-01-14
959,WH-003,Sugar,4079,kg,2026-06-02
960,WH-002,Salt,6891,kg,2025-08-31
961,WH-003,Cooking Oil,4220,kg,2025-08-26
962,WH-002,Beans,7559,kg,2025-10-20
963,WH-004,Beans,8397,kg,2025-11-17
964,WH-004,Maize Flour,4809,kg,2025-07-24
965,WH-003,Maize Flour,4168,kg,2026-01-24
966,WH-001,Sugar,9467,kg,2026-02-06
967,WH-004,Cooking Oil,6824,kg,2026-03-29
968,WH-003,Beans,440,kg,2026-03-25
969,WH-004,Rice,1143,kg,2026-04-15
970,WH-003,Sugar,1968,kg,2026-02-05
971,WH-002,Cooking Oil,5140,kg,2025-10-08
972,WH-004,Rice,1538,kg,2025-12-21
973,WH-002,Salt,4840,kg,2026-05-06
974,WH-004,Lentils,3732,kg,2026-06-01
975,WH-004,Lentils,3796,kg,2025-09-20
976,WH-002,Cooking Oil,8409,kg,2026-05-07
977,WH-002,Maize Flour,6251,kg,2026-05-24
978,WH-002,Cooking Oil,7650,kg,2025-09-09
979,WH-002,Beans,3622,kg,2025-11-26
980,WH-001,Salt,118,kg,2026-01-25
981,WH-002,Cooking Oil,9801,kg,2026-02-14
982,WH-002,Maize Flour,7675,kg,2026-06-07
983,WH-002,Maize Flour,9255,kg,2026-03-23
984,WH-004,Cooking Oil,8358,kg,2026-04-20
985,WH-001,Beans,7593,kg,2025-11-07
986,WH-003,Lentils,2604,kg,2026-02-07
987,WH-004,Salt,757,kg,2025-12-05
988,WH-002,Sugar,8364,kg,2026-07-05
989,WH-004,Cooking Oil,7486,kg,2025-08-16
990,WH-001,Beans,2195,kg,2026-04-09
991,WH-002,Maize Flour,5566,kg,2025-09-12
992,WH-001,Maize Flour,9967,kg,2025-12-15
993,WH-002,Lentils,2794,kg,2026-03-11
994,WH-004,Sugar,2239,kg,2026-02-26
995,WH-001,Lentils,8303,kg,2026-04-25
996,WH-002,Sugar,6785,kg,2026-04-21
997,WH-002,Rice,1411,kg,2026-02-08
998,WH-004,Salt,7989,kg,2026-06-20
999,WH-004,Sugar,3790,kg,2026-05-22
1000,WH-004,Sugar,7298,kg,2026-03-31
