record_id,year,country_of_origin,country_of_asylum,refugees,asylum_seekers,idps
1,2022,Uganda,Kenya,15880,2109,6414
2,2023,Ethiopia,Kenya,35103,916,9947
3,2024,Uganda,Sudan,15151,2598,6158
4,2024,Burundi,Ethiopia,27184,678,8542
5,2023,Rwanda,DR Congo,39382,1432,3876
6,2023,DRC,South Sudan,5749,2663,2862
7,2022,Kenya,Uganda,26621,4480,5563
8,2022,Sudan,Rwanda,47993,4379,5249
9,2023,Kenya,Tanzania,-50,1528,8316
10,2024,Ethiopia,Burundi,45163,4716,3656
11,2024,Kenya,Uganda,44629,4965,3313
12,2022,Burundi,Somalia,18363,2908,7832
13,2024,Tanzania,Uganda,22002,337,9233
14,2024,Kenya,Tanzania,22104,4216,5589
15,2022,Uganda,Rwanda,36742,3744,8253
16,2024,South Sudan,Ethiopia,45415,3395,8394
17,2024,Ethiopia,Uganda,42154,281,4572
18,2023,South Sudan,Somalia,46444,3294,2309
19,2023,Rwanda,Uganda,25657,7,3190
20,2023,Ethiopia,South Sudan,32318,1293,9794
21,2024,Ethiopia,Kenya,22559,2215,9657
22,2024,Ethiopia,Burundi,3089,2567,7019
23,2024,DR Congo,DR Congo,26738,1114,2840
24,2022,Kenya,Burundi,20136,3265,4414
25,2023,Sudan,Ethiopia,41634,2602,4708
26,2023,Kenya,Ethiopia,16336,1395,4108
27,2023,Burundi,Kenya,41629,3265,623
28,2024,Ethiopia,Sudan,49952,3592,5965
29,2023,Uganda,Rwanda,44406,1149,5081
30,2022,South Sudan,DR Congo,45789,3368,4683
31,2024,Rwanda,Ethiopia,648,3809,1082
32,2024,Sudan,Ethiopia,25478,2766,150
33,2023,Somalia,Ethiopia,306,1290,139
34,2024,Burundi,South Sudan,10214,3072,4746
35,2024,Tanzania,Tanzania,17708,2291,7329
36,2022,Kenya,Tanzania,33275,370,8958
37,2022,South Sudan,South Sudan,36612,392,9134
38,2022,Ethiopia,Somalia,37263,4478,9946
39,2024,Burundi,Somalia,39399,939,521
40,2022,Rwanda,Ethiopia,30262,2781,7588
41,2023,South Sudan,Uganda,28200,514,5460
42,2024,South Sudan,Rwanda,1360,3524,4484
43,2023,Kenya,DR Congo,10165,4232,5701
44,2023,Burundi,Uganda,46342,4571,8980
45,2023,DR Congo,Kenya,34853,4245,1688
46,2023,Somalia,Somalia,16310,2108,1860
47,2022,Rwanda,Somalia,19638,2556,6402
48,2024,Uganda,South Sudan,45540,4022,4947
49,2022,Somalia,Kenya,4078,70,3234
50,2024,Burundi,Somalia,10116,3333,1197
51,2022,Burundi,Burundi,16318,1072,1160
52,2022,Tanzania,Uganda,42421,1979,266
53,2024,South Sudan,Burundi,41142,3743,5796
54,2023,Tanzania,Rwanda,48469,1855,2197
55,2023,Rwanda,Somalia,6884,2445,6261
56,2023,Tanzania,Rwanda,32623,1494,9661
57,2022,Somalia,Sudan,27522,4002,485
58,2024,Rwanda,Somalia,5731,3906,4655
59,2024,Uganda,Uganda,37995,1752,4365
60,2024,Rwanda,Rwanda,20440,1454,9761
61,2022,Uganda,South Sudan,20481,4469,174
62,2024,Uganda,South Sudan,49071,3143,7169
63,2023,Sudan,Ethiopia,9703,733,8445
64,2023,Somalia,Kenya,32890,193,9564
65,2023,DR Congo,Somalia,19659,1838,6650
66,2024,Ethiopia,Rwanda,29202,2436,1267
67,2023,South Sudan,Sudan,3680,4619,7557
68,2023,Rwanda,DR Congo,11717,4941,8894
69,2024,South Sudan,Somalia,26215,2365,3287
70,2023,Burundi,DR Congo,3323,1921,4118
71,2022,Kenya,Uganda,11745,1174,5489
72,2023,Tanzania,Burundi,1549,1869,3719
73,2023,Uganda,South Sudan,14115,231,6929
74,2022,South Sudan,Rwanda,47104,1312,6406
75,2023,Sudan,Tanzania,31655,1244,8237
76,2023,Sudan,Uganda,16244,791,2582
77,2023,Tanzania,Sudan,13875,2629,8262
78,2023,Ethiopia,DR Congo,39874,932,5644
79,2024,Tanzania,Uganda,20407,2171,7606
80,2024,Rwanda,Burundi,28743,2399,9225
81,2024,Somalia,Tanzania,10732,7,6155
82,2022,Uganda,Sudan,22102,2187,7437
83,2023,Sudan,Somalia,35947,3453,1655
84,2024,Rwanda,Somalia,29985,410,3490
85,2024,South Sudan,Sudan,15124,604,5458
86,2022,Rwanda,DR Congo,4299,4008,3923
87,2023,Rwanda,Tanzania,9290,2130,1669
88,2022,Burundi,Burundi,46615,1614,9957
89,2023,Tanzania,Rwanda,46647,962,7956
90,2024,Uganda,Rwanda,40415,4760,993
91,2023,Burundi,Uganda,27114,3104,5940
92,2022,DR Congo,Kenya,44382,2196,8284
93,2022,DR Congo,South Sudan,45387,4790,9557
94,2022,DR Congo,Rwanda,49100,4967,538
95,2024,DR Congo,Burundi,46263,396,3630
96,2023,DR Congo,Uganda,7765,3482,9509
97,2024,DR Congo,DR Congo,11565,594,7960
98,2023,Tanzania,Sudan,28815,1080,5540
99,2023,South Sudan,Ethiopia,39237,1047,6002
100,2023,Rwanda,Tanzania,37498,1110,6240
101,2022,DR Congo,Kenya,1680,3105,1868
102,2023,South Sudan,Uganda,25734,3078,1812
103,2022,Kenya,Tanzania,3925,3318,8849
104,2023,South Sudan,Somalia,16167,1953,820
105,2022,Ethiopia,Burundi,6718,2228,7179
106,2024,DR Congo,Ethiopia,48983,2133,9501
107,2022,Tanzania,DR Congo,10102,434,918
108,2023,DR Congo,South Sudan,14555,2781,9237
109,2022,Sudan,Burundi,8090,2762,9288
110,2023,Tanzania,Uganda,33289,2434,9485
111,2023,Sudan,Kenya,37461,2369,110
112,2022,Uganda,Uganda,10343,4281,3828
113,2024,Ethiopia,South Sudan,2412,3833,5441
114,2024,Tanzania,Uganda,33835,2617,3438
115,2024,Tanzania,Uganda,25274,4610,8422
116,2022,Uganda,Burundi,17498,2310,3742
117,2022,Burundi,Sudan,5849,4591,1497
118,2024,Rwanda,Ethiopia,34286,472,923
119,2022,Tanzania,Ethiopia,33618,1492,9646
120,2023,Ethiopia,Uganda,32976,380,7105
121,2024,South Sudan,Rwanda,18355,2338,1112
122,2022,Tanzania,Sudan,2241,517,9686
123,2022,Rwanda,Somalia,20804,3531,1599
124,2024,Burundi,Rwanda,13848,1061,3259
125,2023,Uganda,Tanzania,29659,4531,4315
126,2023,DR Congo,Kenya,43998,121,5965
127,2023,Uganda,Somalia,45470,1842,8839
128,2023,Burundi,Uganda,24567,4990,4993
129,2024,Tanzania,South Sudan,25382,3203,5199
130,2023,Kenya,Somalia,12336,2636,1003
131,2023,Uganda,DR Congo,7753,311,9947
132,2022,Uganda,Uganda,16016,389,144
133,2023,DR Congo,Burundi,1424,1928,3440
134,2024,Burundi,DR Congo,25351,4570,508
135,2022,Tanzania,Kenya,34687,4714,3797
136,2022,Kenya,Sudan,40741,4295,2384
137,2023,Ethiopia,Sudan,5728,2510,1940
138,2023,Uganda,Sudan,12304,741,8597
139,2024,Tanzania,Burundi,36050,193,3982
140,2022,Ethiopia,Ethiopia,9882,4598,643
141,2024,Burundi,Somalia,48214,176,8703
142,2022,Uganda,South Sudan,31872,4147,1633
143,2022,Somalia,Ethiopia,19258,1389,7413
144,2023,Uganda,Rwanda,25647,30,4574
145,2024,Somalia,Rwanda,44767,4333,4195
146,2022,Ethiopia,South Sudan,17541,3634,8201
147,2022,Somalia,Rwanda,43042,4765,1495
148,2024,Tanzania,Burundi,37713,496,4684
149,2024,Somalia,Rwanda,8708,2963,5549
150,2023,South Sudan,Kenya,37415,1930,5834
151,2022,Tanzania,DR Congo,11448,4690,991
152,2022,Rwanda,Uganda,41528,1939,7585
153,2023,Sudan,Uganda,33839,4924,6638
154,2024,Sudan,Burundi,716,3762,7051
155,2022,Sudan,Burundi,12066,680,4984
156,2024,Somalia,Burundi,2973,3220,3800
157,2023,Tanzania,Ethiopia,828,1495,7619
158,2022,Ethiopia,Burundi,30275,2635,3783
159,2024,Somalia,Burundi,38058,877,8427
160,2022,Uganda,Kenya,49927,1162,4892
161,2024,Kenya,DR Congo,34208,671,1182
162,2024,Kenya,Sudan,16511,3487,6671
163,2023,Burundi,Sudan,47590,1237,4675
164,2022,DR Congo,Tanzania,4226,2768,9572
165,2024,Sudan,DR Congo,23781,4377,5692
166,2022,DR Congo,Ethiopia,18731,2028,7868
167,2024,Ethiopia,Sudan,24260,1259,533
168,2023,Kenya,Sudan,36167,3190,3813
169,2023,Uganda,Kenya,29249,3034,9137
170,2022,Rwanda,Sudan,16098,4346,432
171,2022,Rwanda,DR Congo,34053,4765,4008
172,2024,Tanzania,Sudan,33368,1837,495
173,2022,Sudan,Tanzania,7031,580,9554
174,2024,Sudan,Burundi,4889,4245,1836
175,2023,Sudan,Kenya,38756,613,7821
176,2023,Burundi,Tanzania,21683,2069,7375
177,2022,Rwanda,Ethiopia,16659,2014,824
178,2023,Kenya,Rwanda,23628,2657,8815
179,2022,Uganda,Somalia,42045,2578,7341
180,2023,South Sudan,Burundi,11964,2880,6068
181,2023,DR Congo,Kenya,28416,2234,7135
182,2022,South Sudan,Rwanda,7846,461,2145
183,2022,Tanzania,Rwanda,10864,127,1665
184,2024,Rwanda,Sudan,25256,2624,5193
185,2022,Ethiopia,DR Congo,23639,2221,1015
186,2024,Tanzania,Somalia,22755,1442,9325
187,2023,Ethiopia,Tanzania,37822,3564,5503
188,2022,Somalia,Rwanda,14127,3363,3297
189,2024,DR Congo,Rwanda,19877,1292,7861
190,2023,DR Congo,Burundi,44615,556,4262
191,2023,Uganda,Sudan,12188,2651,4627
192,2022,DR Congo,Sudan,44301,57,1203
193,2024,Ethiopia,Burundi,48815,688,1188
194,2022,Tanzania,Kenya,41424,2501,1141
195,2024,South Sudan,DR Congo,7550,3349,1303
196,2024,Burundi,Rwanda,42615,4575,1164
197,2022,Tanzania,Kenya,34345,1213,2744
198,2024,Sudan,South Sudan,42399,1578,6291
199,2022,DR Congo,Somalia,45718,4724,6378
200,2022,Tanzania,Somalia,41210,2309,9558
201,2024,Tanzania,Tanzania,39123,4081,3685
202,2022,DR Congo,Tanzania,30657,4155,9154
203,2023,Burundi,Sudan,44949,4204,5536
204,2022,Rwanda,South Sudan,2427,2893,4458
205,2022,Ethiopia,Somalia,37053,3422,277
206,2022,Rwanda,Kenya,43605,4132,3359
207,2022,Rwanda,Ethiopia,25016,3174,8571
208,2024,Ethiopia,South Sudan,13322,2322,2209
209,2023,DR Congo,DR Congo,885,4953,1291
210,2023,Ethiopia,South Sudan,13227,2701,4366
211,2022,Rwanda,Burundi,18349,1084,9620
212,2024,Burundi,Sudan,13358,792,3270
213,2024,South Sudan,Tanzania,48544,3503,6046
214,2022,Somalia,Somalia,22225,3974,3649
215,2024,DR Congo,Sudan,37286,1491,2158
216,2024,Tanzania,Kenya,48632,583,4911
217,2024,Somalia,Uganda,14586,2709,340
218,2023,Rwanda,South Sudan,46457,4234,3445
219,2023,Rwanda,Sudan,35852,278,5233
220,2022,Somalia,Ethiopia,43608,514,8191
221,2023,Somalia,Ethiopia,11128,750,8560
222,2023,Rwanda,Kenya,46201,3235,757
223,2024,Burundi,Uganda,5800,1160,7115
224,2022,South Sudan,Burundi,39493,4333,4270
225,2024,Rwanda,Tanzania,48712,2232,3351
226,2024,Sudan,South Sudan,12927,1917,7594
227,2023,Sudan,Somalia,45471,3896,6236
228,2024,Rwanda,Sudan,20236,1821,1661
229,2023,Sudan,Burundi,27315,1059,218
230,2023,DR Congo,Sudan,15894,4158,2458
231,2023,Sudan,Somalia,10303,4844,5674
232,2024,Sudan,Ethiopia,25544,2822,1056
233,2024,Kenya,DR Congo,42224,2119,8702
234,2022,Tanzania,Ethiopia,49168,3697,2909
235,2022,Ethiopia,Ethiopia,27622,3359,4318
236,2023,Tanzania,Rwanda,41022,2952,2214
237,2023,Somalia,Tanzania,31223,4153,8314
238,2022,Sudan,Burundi,2152,881,3359
239,2023,South Sudan,Kenya,5976,2375,7462
240,2022,Kenya,Rwanda,340,2942,7862
241,2023,Rwanda,Kenya,11539,2907,6248
242,2023,Rwanda,Ethiopia,13259,1204,3549
243,2024,Uganda,Rwanda,15509,3571,3009
244,2023,Kenya,DR Congo,32981,416,9616
245,2023,Burundi,Ethiopia,20836,3649,2962
246,2023,Ethiopia,Ethiopia,779,2737,8112
247,2022,Burundi,Kenya,26556,574,7916
248,2024,Sudan,Kenya,27573,1618,8904
249,2022,South Sudan,Uganda,13727,3559,7418
250,2023,Somalia,Ethiopia,23657,3552,6990
251,2023,Uganda,Kenya,37494,2574,5910
252,2022,Burundi,Burundi,20679,57,8618
253,2022,DR Congo,South Sudan,44359,2135,4687
254,2022,Kenya,South Sudan,22407,2063,2580
255,2023,Rwanda,DR Congo,44928,2052,3080
256,2023,South Sudan,Rwanda,42555,1693,6251
257,2022,Rwanda,Sudan,29911,366,5004
258,2022,Tanzania,Kenya,28688,818,1135
259,2024,Uganda,Uganda,24080,1546,5533
260,2022,Ethiopia,DR Congo,16787,1017,341
261,2023,Kenya,Uganda,10750,1837,224
262,2022,Somalia,Sudan,9287,1838,5595
263,2022,Tanzania,Tanzania,43722,2940,4034
264,2024,DR Congo,Rwanda,28805,4021,8488
265,2023,Uganda,South Sudan,44547,2606,9279
266,2024,Sudan,Rwanda,48613,631,5361
267,2023,Ethiopia,Tanzania,23044,4384,3213
268,2023,South Sudan,Uganda,24663,2349,2981
269,2022,Ethiopia,Somalia,49057,1838,957
270,2022,Kenya,Uganda,4774,4588,4584
271,2022,Sudan,Burundi,25926,3885,6746
272,2022,South Sudan,Sudan,44115,128,617
273,2022,Uganda,Uganda,48974,3559,9271
274,2023,Burundi,Kenya,3226,2618,2958
275,2023,Sudan,Rwanda,40613,4657,4846
276,2024,Sudan,Somalia,12106,916,4536
277,2022,Sudan,Tanzania,23552,2609,1935
278,2023,Burundi,South Sudan,46861,3146,1920
279,2022,South Sudan,Kenya,41909,4561,8286
280,2022,Ethiopia,South Sudan,23012,70,1183
281,2023,Tanzania,Ethiopia,10401,2429,6521
282,2023,Rwanda,Uganda,4528,1445,8878
283,2024,Sudan,Uganda,39063,2593,6253
284,2023,DR Congo,Kenya,40921,3916,5105
285,2022,Sudan,Somalia,19177,3916,1586
286,2024,South Sudan,Rwanda,3153,3993,9856
287,2022,Rwanda,Kenya,35500,2300,2777
288,2023,Ethiopia,Tanzania,40819,519,8072
289,2024,Kenya,Ethiopia,8741,2625,4056
290,2022,DR Congo,Burundi,31434,4175,8917
291,2022,Uganda,Kenya,1257,221,1371
292,2023,Uganda,Uganda,31800,1211,6059
293,2023,Rwanda,Ethiopia,5110,4535,9789
294,2023,Rwanda,DR Congo,10321,2338,5125
295,2023,DR Congo,Somalia,22560,3875,5787
296,2022,Rwanda,Uganda,25931,4096,2548
297,2023,DR Congo,Ethiopia,136,4178,8991
298,2023,South Sudan,Tanzania,24217,3975,8728
299,2022,South Sudan,DR Congo,43783,2864,4486
300,2023,Rwanda,Rwanda,8854,2500,8451
301,2024,Rwanda,South Sudan,19884,3018,7092
302,2022,DR Congo,Kenya,39112,2901,6579
303,2024,DR Congo,Rwanda,26418,4415,4204
304,2024,Sudan,Sudan,2982,637,6290
305,2024,Sudan,Tanzania,7100,819,8156
306,2022,DR Congo,Kenya,43454,290,9675
307,2024,Somalia,Sudan,44292,2143,5415
308,2022,Tanzania,Kenya,40271,4074,8995
309,2024,Sudan,Rwanda,12147,1528,2231
310,2024,Burundi,Kenya,23236,3883,9418
311,2023,Uganda,Rwanda,48225,1805,7471
312,2024,Uganda,Ethiopia,15906,4629,5172
313,2022,Uganda,Sudan,44061,2715,5159
314,2022,DR Congo,Burundi,5918,4988,8575
315,2022,Kenya,Ethiopia,5138,14,1468
316,2023,Sudan,Sudan,37880,4813,4820
317,2024,Rwanda,Burundi,1250,2832,1148
318,2024,Kenya,Sudan,32916,3369,7455
319,2023,Tanzania,Sudan,20067,4390,8995
320,2022,Kenya,DR Congo,30974,3672,821
321,2024,Rwanda,Burundi,25183,1906,8875
322,2022,Burundi,Ethiopia,39810,4616,8741
323,2023,Sudan,South Sudan,29229,669,9851
324,2023,Sudan,Uganda,7499,799,1284
325,2024,Kenya,DR Congo,27411,2113,4736
326,2024,Burundi,Ethiopia,20976,2178,285
327,2024,DR Congo,Ethiopia,16741,4105,9907
328,2022,Rwanda,Somalia,4276,1373,4625
329,2023,Burundi,Sudan,42780,4690,5026
330,2022,Somalia,Sudan,32223,1311,6715
331,2024,Burundi,Tanzania,35358,2444,1450
332,2024,Burundi,DR Congo,25417,4744,9961
333,2023,DR Congo,DR Congo,30146,1582,4320
334,2023,Burundi,Uganda,44453,2138,6331
335,2023,Sudan,Tanzania,19120,419,1216
336,2023,Somalia,Uganda,3526,4029,6708
337,2022,Ethiopia,Somalia,996,1497,9283
338,2023,Kenya,Ethiopia,34705,70,2848
339,2024,Burundi,DR Congo,1068,2013,9544
340,2024,Tanzania,South Sudan,7731,4268,6780
341,2023,Ethiopia,Kenya,25514,4195,5369
342,2022,Tanzania,Rwanda,3133,4171,4840
343,2023,Burundi,Somalia,5463,3640,716
344,2024,Sudan,Burundi,29352,2083,3429
345,2024,South Sudan,Sudan,45194,535,895
346,2022,Sudan,Kenya,3269,3695,3195
347,2023,Rwanda,Uganda,43470,4739,6187
348,2023,Tanzania,DR Congo,3463,4262,1799
349,2024,Rwanda,DR Congo,49004,2872,8446
350,2022,Rwanda,Sudan,45404,539,3785
351,2024,Rwanda,South Sudan,49154,2271,7903
352,2024,Ethiopia,Burundi,42059,1466,5414
353,2023,Burundi,South Sudan,30371,765,5876
354,2022,Somalia,Burundi,26161,969,8007
355,2024,Somalia,Uganda,21694,4135,5042
356,2023,Kenya,Uganda,7955,2266,984
357,2023,Ethiopia,Sudan,43495,3984,8586
358,2023,South Sudan,Somalia,31471,3752,160
359,2023,Rwanda,Rwanda,46769,3829,8901
360,2024,Somalia,Somalia,24018,467,4681
361,2023,Burundi,Tanzania,26582,4411,6552
362,2024,Somalia,Rwanda,16876,2033,7482
363,2023,Burundi,South Sudan,47138,2365,7177
364,2023,Ethiopia,South Sudan,11402,4851,668
365,2022,Somalia,Tanzania,8666,4355,8683
366,2024,Kenya,Burundi,14659,3802,324
367,2024,Rwanda,Sudan,42076,1254,4304
368,2023,Sudan,Ethiopia,23255,4744,8382
369,2022,Rwanda,Kenya,30538,1671,1283
370,2023,Ethiopia,Rwanda,7973,529,9583
371,2023,Tanzania,South Sudan,24420,2533,8470
372,2022,Sudan,Tanzania,15652,29,7437
373,2023,Somalia,Burundi,30343,2430,1620
374,2022,Sudan,Kenya,28816,2668,9846
375,2023,Uganda,Sudan,27872,4818,4985
376,2023,DR Congo,Kenya,6011,4018,5320
377,2024,Ethiopia,South Sudan,6708,3577,4915
378,2022,DR Congo,Burundi,16758,4697,5597
379,2023,Ethiopia,Rwanda,44147,1451,499
380,2023,Sudan,Rwanda,10064,2528,188
381,2023,DR Congo,Rwanda,3677,4534,1917
382,2022,Ethiopia,Somalia,14001,1395,4509
383,2023,Uganda,Rwanda,28394,2076,5695
384,2024,South Sudan,Sudan,20769,4949,132
385,2022,Uganda,Ethiopia,44633,4633,2304
386,2022,Rwanda,Rwanda,21942,3575,9800
387,2022,Burundi,DR Congo,28465,1962,3750
388,2022,Sudan,Kenya,7033,2887,508
389,2023,South Sudan,Rwanda,32693,90,3722
390,2024,Tanzania,Ethiopia,35288,2919,575
391,2024,Rwanda,DR Congo,4856,4719,272
392,2022,Somalia,South Sudan,17042,2445,7742
393,2023,Rwanda,Tanzania,4062,4256,7651
394,2024,Somalia,DR Congo,7858,1858,4338
395,2023,Somalia,Ethiopia,7617,2474,5086
396,2022,Ethiopia,Uganda,10063,160,3154
397,2024,Rwanda,Kenya,22394,3864,1540
398,2022,Sudan,Tanzania,38986,4618,2473
399,2024,Somalia,Tanzania,22975,696,4498
400,2022,Kenya,Uganda,21722,435,6544
401,2024,South Sudan,Kenya,17559,2329,9994
402,2023,Ethiopia,Kenya,5907,4559,5036
403,2024,Ethiopia,Kenya,33642,2591,7460
404,2024,Sudan,Uganda,27284,2850,3784
405,2022,Sudan,Somalia,37389,3802,1443
406,2022,Uganda,Tanzania,36169,3947,9504
407,2024,Kenya,Uganda,29746,3279,1918
408,2024,Burundi,Somalia,49729,1889,8305
409,2024,Sudan,South Sudan,49845,3572,9595
410,2023,Burundi,Burundi,31575,2400,4600
411,2023,Sudan,DR Congo,15455,383,2528
412,2022,DR Congo,Kenya,49969,783,3026
413,2022,Sudan,South Sudan,1346,2696,4991
414,2022,Rwanda,Burundi,25649,240,1207
415,2022,Ethiopia,Ethiopia,15474,4288,7388
416,2024,Rwanda,South Sudan,3208,672,3642
417,2023,Uganda,Sudan,32523,511,9688
418,2024,DR Congo,DR Congo,23780,1887,5589
419,2024,Rwanda,DR Congo,37034,1111,2906
420,2024,South Sudan,Ethiopia,12367,1518,901
421,2024,Uganda,Kenya,27223,952,8113
422,2024,South Sudan,Rwanda,6123,1438,4413
423,2022,Ethiopia,Burundi,24492,3850,7916
424,2022,Burundi,Kenya,21626,2587,9611
425,2022,Burundi,Rwanda,34919,1859,9553
426,2023,Rwanda,Ethiopia,38375,604,8999
427,2024,Burundi,Tanzania,35805,1548,3755
428,2023,Sudan,South Sudan,30518,3979,5853
429,2022,Sudan,Somalia,26958,3755,1003
430,2024,South Sudan,Sudan,7601,2968,715
431,2022,Tanzania,Ethiopia,31519,1291,4155
432,2022,Ethiopia,Uganda,5313,115,1214
433,2022,Sudan,Ethiopia,44132,1447,3694
434,2022,Kenya,Kenya,18562,220,8599
435,2022,Kenya,DR Congo,46352,3168,1070
436,2023,Tanzania,Uganda,1024,1215,504
437,2023,Ethiopia,Rwanda,49590,3485,6106
438,2024,Ethiopia,Ethiopia,27344,679,8877
439,2022,South Sudan,Ethiopia,25523,3492,6053
440,2023,Ethiopia,Uganda,34061,1535,1119
441,2022,Somalia,Ethiopia,24616,3631,1985
442,2023,Sudan,DR Congo,37418,2533,4020
443,2023,Burundi,Kenya,3759,240,1942
444,2023,Ethiopia,Sudan,15492,180,6064
445,2022,Burundi,Sudan,25398,4186,1304
446,2023,Sudan,South Sudan,9454,975,5631
447,2023,Ethiopia,Somalia,34076,2049,2743
448,2023,Sudan,Kenya,23846,1771,4140
449,2022,Kenya,Burundi,18424,1816,4911
450,2024,Somalia,Rwanda,30551,3611,3126
451,2024,Burundi,DR Congo,41966,1905,4706
452,2023,Rwanda,Somalia,7447,3106,500
453,2024,South Sudan,Rwanda,46193,3727,918
454,2022,Somalia,South Sudan,38293,4248,4257
455,2024,Kenya,Somalia,47010,3771,1723
456,2022,Ethiopia,Rwanda,9414,3960,8110
457,2022,Ethiopia,Sudan,43279,2314,7671
458,2024,Tanzania,South Sudan,37757,281,7675
459,2022,Ethiopia,Somalia,42941,2011,8705
460,2024,Rwanda,Sudan,23380,2571,4772
461,2023,DR Congo,Burundi,14264,2374,6897
462,2022,Somalia,Ethiopia,20004,3376,6103
463,2024,Ethiopia,Tanzania,37379,1328,2075
464,2022,Somalia,Burundi,38409,4859,2106
465,2024,Kenya,South Sudan,11396,520,5884
466,2024,Kenya,Sudan,23370,4038,554
467,2022,Tanzania,Kenya,13771,847,8352
468,2023,Kenya,Tanzania,49630,9,3793
469,2024,Uganda,Sudan,1093,4349,7659
470,2022,Ethiopia,Ethiopia,26866,3802,8691
471,2024,DR Congo,Kenya,32757,2142,846
472,2024,South Sudan,Ethiopia,16706,2918,8079
473,2024,Tanzania,South Sudan,24213,4081,6619
474,2022,Somalia,Tanzania,41940,2239,2552
475,2024,Kenya,Tanzania,5190,2671,2107
476,2022,DR Congo,Uganda,43463,3059,739
477,2022,Sudan,Sudan,30007,4562,4321
478,2024,Tanzania,Burundi,22925,3659,4633
479,2023,Somalia,Sudan,10750,97,3308
480,2022,Tanzania,Somalia,25491,2552,7139
481,2024,Uganda,Rwanda,33893,3273,8083
482,2024,Kenya,Ethiopia,26225,2333,1787
483,2023,Kenya,Tanzania,10855,1810,7133
484,2022,DR Congo,Somalia,29751,3337,9426
485,2024,Somalia,Tanzania,13480,279,2696
486,2023,South Sudan,Burundi,4173,4792,3595
487,2022,South Sudan,Uganda,26215,2882,9670
488,2023,Kenya,Uganda,22899,299,549
489,2023,DR Congo,Tanzania,39865,4493,4764
490,2023,Somalia,Sudan,29838,8,6671
491,2024,Uganda,Tanzania,36738,2442,4178
492,2023,Kenya,DR Congo,8563,2023,5026
493,2024,Burundi,Tanzania,11671,4898,6783
494,2023,Sudan,Rwanda,23519,2204,3870
495,2022,Rwanda,Somalia,4757,4390,97
496,2023,South Sudan,Ethiopia,24118,3492,6162
497,2024,DR Congo,DR Congo,27421,1016,3532
498,2022,Burundi,Uganda,22198,592,7572
499,2023,Ethiopia,Rwanda,9869,1508,7310
500,2024,Tanzania,Rwanda,27108,4566,4705
501,2024,Burundi,South Sudan,4490,1792,5656
502,2023,Somalia,Uganda,49651,4991,1646
503,2024,Sudan,Rwanda,43559,476,5875
504,2023,Somalia,Uganda,20223,3584,8238
505,2022,DR Congo,Sudan,333,1350,9933
506,2023,DR Congo,Rwanda,8698,1308,9198
507,2023,DR Congo,Ethiopia,12077,225,9716
508,2024,Kenya,Tanzania,44349,1422,1443
509,2022,Tanzania,Rwanda,44167,3847,6053
510,2022,Somalia,Burundi,25947,4616,4221
511,2023,Somalia,Uganda,33818,4266,9911
512,2022,Ethiopia,Kenya,42461,2050,8388
513,2022,Ethiopia,Kenya,13136,991,1781
514,2022,Burundi,Rwanda,9340,4854,6485
515,2023,Rwanda,Tanzania,15526,1627,6780
516,2024,South Sudan,Rwanda,26030,4904,1302
517,2024,Sudan,DR Congo,42865,3516,2904
518,2022,Somalia,Ethiopia,26323,1513,4318
519,2024,Tanzania,Kenya,43131,4655,376
520,2023,Kenya,Kenya,40824,1251,5246
521,2024,Sudan,Somalia,10846,2831,2401
522,2023,Sudan,Ethiopia,27216,3007,8352
523,2023,Kenya,Rwanda,8212,3703,1851
524,2024,Rwanda,Burundi,34602,1273,2753
525,2024,South Sudan,Somalia,32165,2998,7934
526,2022,South Sudan,DR Congo,28760,4372,1680
527,2024,Burundi,Rwanda,7611,1257,5102
528,2022,Ethiopia,Ethiopia,28331,1420,5530
529,2022,Tanzania,Tanzania,29137,2922,458
530,2023,Rwanda,Kenya,18250,2720,7761
531,2024,Uganda,Burundi,22007,796,6859
532,2023,Sudan,Tanzania,37460,4965,3466
533,2022,Kenya,Rwanda,4592,1079,3391
534,2023,Sudan,DR Congo,21314,4617,3147
535,2024,Sudan,Somalia,47225,895,5112
536,2024,DR Congo,Kenya,34281,1914,6310
537,2023,Rwanda,Uganda,40064,3973,6371
538,2022,Somalia,Somalia,43730,4899,1968
539,2022,Tanzania,Somalia,41807,1020,7682
540,2022,South Sudan,Rwanda,34199,2235,1959
541,2024,Sudan,Kenya,25089,2068,4416
542,2024,Kenya,Rwanda,9322,3916,53
543,2022,Sudan,Burundi,39373,3067,6806
544,2023,Rwanda,Burundi,45321,2778,866
545,2023,DR Congo,Somalia,38330,876,8567
546,2022,Tanzania,DR Congo,27332,3538,5524
547,2024,Tanzania,Tanzania,7625,4328,2248
548,2023,Sudan,Burundi,44145,2719,6169
549,2022,Uganda,Kenya,33032,4212,1360
550,2024,Rwanda,Uganda,43785,3193,3924
551,2024,South Sudan,Kenya,41810,3550,504
552,2023,Somalia,Kenya,46307,1299,2444
553,2023,Burundi,Sudan,28051,2195,8658
554,2024,Tanzania,DR Congo,10846,3545,124
555,2023,Rwanda,Tanzania,23211,2841,636
556,2022,Sudan,DR Congo,436,4244,8513
557,2022,Tanzania,Uganda,47536,2098,3003
558,2023,DR Congo,Somalia,41762,4649,6540
559,2024,South Sudan,Burundi,39495,3333,7026
560,2023,Burundi,Sudan,7815,784,1511
561,2024,Burundi,Burundi,46803,2334,3756
562,2024,Uganda,Uganda,17224,513,495
563,2022,Rwanda,Sudan,23819,3133,1759
564,2024,Somalia,South Sudan,16464,3923,7669
565,2022,Rwanda,DR Congo,21441,1518,5168
566,2023,Kenya,Tanzania,23385,4675,8169
567,2023,Kenya,South Sudan,706,3823,2115
568,2024,South Sudan,Ethiopia,48293,2180,5402
569,2023,Tanzania,DR Congo,48140,3181,1584
570,2022,Kenya,Burundi,46628,1409,432
571,2022,Sudan,Burundi,4437,4780,6754
572,2022,South Sudan,Sudan,10308,1610,9345
573,2023,Tanzania,Tanzania,5750,280,1229
574,2024,Burundi,Uganda,31861,617,7622
575,2024,Burundi,Ethiopia,32097,1926,2482
576,2023,Ethiopia,Somalia,34173,3959,1051
577,2023,Uganda,Tanzania,39769,2936,4680
578,2022,Rwanda,South Sudan,25085,2274,4637
579,2024,Burundi,Kenya,25867,580,5890
580,2022,DR Congo,Tanzania,20722,2516,6656
581,2024,DR Congo,Kenya,8064,2965,3473
582,2023,Kenya,Kenya,45211,553,2203
583,2022,Tanzania,Sudan,6647,2390,4015
584,2023,Ethiopia,Burundi,38097,3213,7419
585,2022,Ethiopia,Rwanda,35662,1923,9393
586,2023,Kenya,Somalia,28387,4961,7941
587,2022,Sudan,Ethiopia,38950,4959,2175
588,2022,Sudan,DR Congo,27740,3559,864
589,2023,Sudan,South Sudan,47483,3772,617
590,2024,Burundi,Sudan,43093,540,2521
591,2022,DR Congo,South Sudan,15194,2100,1024
592,2023,DR Congo,Somalia,21366,2794,3375
593,2023,South Sudan,Uganda,28195,373,4597
594,2023,Rwanda,Uganda,27512,661,9695
595,2023,Ethiopia,Uganda,5437,705,7202
596,2024,Sudan,Uganda,45544,1625,6421
597,2022,Kenya,Sudan,16182,3985,4085
598,2024,Rwanda,Somalia,48057,3812,3889
599,2023,Kenya,Ethiopia,767,2082,3594
600,2023,Somalia,Tanzania,8356,1418,5780
601,2024,Uganda,DR Congo,8747,1730,1594
602,2023,Sudan,Ethiopia,9204,3936,2245
603,2022,Uganda,DR Congo,8504,2875,6312
604,2023,Sudan,Ethiopia,33326,609,2764
605,2024,DR Congo,Uganda,30072,1065,5241
606,2023,Uganda,Uganda,38423,3939,7084
607,2022,Somalia,Sudan,23473,875,8574
608,2024,Kenya,Sudan,46862,3967,7798
609,2023,Rwanda,Kenya,13377,4709,7322
610,2023,Somalia,Kenya,23099,4378,5893
611,2024,South Sudan,Uganda,158,258,4965
612,2022,Rwanda,Burundi,36255,4032,9126
613,2024,Sudan,South Sudan,3131,1195,1900
614,2022,Somalia,South Sudan,36810,1296,2101
615,2024,Tanzania,Rwanda,111,3703,9230
616,2022,Rwanda,Somalia,19685,1787,2833
617,2024,Rwanda,Kenya,13557,1333,3422
618,2024,DR Congo,DR Congo,48791,1996,5268
619,2022,South Sudan,Tanzania,28460,3882,6993
620,2022,Ethiopia,DR Congo,36128,2992,3057
621,2024,DR Congo,Uganda,45139,2200,8305
622,2023,Sudan,Uganda,18476,109,8073
623,2022,Tanzania,Kenya,19666,1301,5680
624,2023,Kenya,Kenya,3899,2511,2084
625,2023,Tanzania,Uganda,10185,4606,268
626,2022,Burundi,Sudan,35940,346,9015
627,2022,Burundi,South Sudan,19330,1540,1881
628,2024,Burundi,Rwanda,22563,2178,5605
629,2024,Tanzania,Tanzania,13437,1652,1006
630,2024,Somalia,Tanzania,8410,2100,9567
631,2022,Rwanda,Uganda,4814,86,4658
632,2024,Kenya,DR Congo,14090,3922,4107
633,2023,Somalia,Sudan,35994,182,9284
634,2023,Ethiopia,Somalia,8523,3064,5750
635,2022,Kenya,Rwanda,40231,236,7209
636,2023,Sudan,Burundi,44120,1016,4305
637,2022,Rwanda,Uganda,44819,2375,8234
638,2022,Kenya,Sudan,12925,4631,3414
639,2023,Tanzania,Rwanda,36687,751,101
640,2023,Sudan,Kenya,34877,690,2972
641,2022,Tanzania,South Sudan,37140,4937,5414
642,2024,South Sudan,DR Congo,4496,2064,3992
643,2024,Kenya,Uganda,18335,4838,7226
644,2022,Sudan,Burundi,49903,1611,6569
645,2023,Kenya,South Sudan,39372,187,305
646,2023,South Sudan,Rwanda,4954,798,2386
647,2023,Sudan,Uganda,6966,271,6182
648,2022,Ethiopia,Burundi,6263,2733,5311
649,2024,Uganda,Uganda,45877,3541,3041
650,2024,Tanzania,Rwanda,46851,1340,2013
651,2023,Somalia,Ethiopia,35720,2342,3124
652,2023,Kenya,Uganda,34643,398,7041
653,2024,Somalia,DR Congo,4368,3408,7698
654,2024,Uganda,Kenya,25453,4865,7983
655,2023,Kenya,Kenya,4612,4237,3816
656,2023,Rwanda,Burundi,27577,2514,2305
657,2023,Kenya,DR Congo,39097,2234,137
658,2023,Kenya,Rwanda,42403,2583,9729
659,2023,Somalia,Sudan,33089,3848,1113
660,2022,Kenya,Uganda,14072,1440,8931
661,2022,Ethiopia,South Sudan,34515,680,525
662,2022,Tanzania,Rwanda,23369,3221,7036
663,2022,Tanzania,Tanzania,10437,4874,1700
664,2022,DR Congo,Tanzania,16387,4813,1636
665,2023,Burundi,DR Congo,7323,4116,3792
666,2022,South Sudan,Sudan,17598,4008,8087
667,2022,Ethiopia,South Sudan,35220,3354,2127
668,2024,South Sudan,Uganda,48054,2591,4112
669,2024,South Sudan,Uganda,36080,3174,3525
670,2024,Sudan,Rwanda,38695,3457,4930
671,2023,Rwanda,Ethiopia,17119,394,7041
672,2023,Somalia,Kenya,36704,2800,1854
673,2024,Sudan,Tanzania,49051,2908,8945
674,2022,Kenya,Somalia,9041,1207,3507
675,2023,Rwanda,Somalia,20507,3312,1302
676,2024,Somalia,DR Congo,38916,1614,9406
677,2024,South Sudan,Rwanda,32839,4845,5734
678,2024,Rwanda,Rwanda,47749,2945,3908
679,2024,Tanzania,Ethiopia,20501,4715,4837
680,2024,Somalia,Somalia,9047,3976,2492
681,2022,Sudan,Burundi,43875,935,3608
682,2022,Tanzania,Burundi,47534,4614,934
683,2024,Burundi,Somalia,35271,4884,9429
684,2022,Tanzania,Somalia,11572,3361,8559
685,2023,Somalia,Ethiopia,7447,1726,1682
686,2023,Ethiopia,DR Congo,32988,837,5064
687,2023,Uganda,Burundi,46247,2695,8053
688,2023,DR Congo,Somalia,26318,2093,1971
689,2024,Kenya,Burundi,8818,2980,9683
690,2023,Kenya,Somalia,36135,1729,9989
691,2023,Rwanda,Sudan,22147,1484,8028
692,2022,Rwanda,Kenya,11356,4989,4947
693,2024,South Sudan,Burundi,42449,3123,8977
694,2023,Rwanda,Rwanda,9481,1079,8198
695,2023,Tanzania,Rwanda,22237,3240,8132
696,2024,Kenya,Uganda,22767,3064,3485
697,2024,Uganda,Burundi,1434,4338,8719
698,2022,South Sudan,South Sudan,49454,96,643
699,2024,Uganda,Burundi,32008,3110,2631
700,2023,Rwanda,Tanzania,46194,4023,9883
701,2024,South Sudan,Burundi,19462,886,6705
702,2023,South Sudan,Sudan,19475,1386,583
703,2023,DR Congo,Kenya,24701,3462,1116
704,2024,Somalia,Kenya,41064,1508,2093
705,2022,South Sudan,DR Congo,5373,354,6580
706,2024,Rwanda,Rwanda,1425,297,5169
707,2022,Kenya,Uganda,21453,3649,3339
708,2024,Kenya,Kenya,1428,1945,4443
709,2024,DR Congo,Rwanda,7615,4151,6037
710,2022,DR Congo,Rwanda,43749,4681,2382
711,2024,Kenya,Uganda,4837,406,7067
712,2024,Rwanda,Sudan,33182,4832,8203
713,2022,Sudan,Somalia,48910,4322,2888
714,2023,Kenya,Sudan,30385,2445,1797
715,2023,Uganda,South Sudan,49742,2804,9581
716,2024,Uganda,Kenya,32376,3680,6127
717,2023,Sudan,Rwanda,36564,3118,9990
718,2022,Kenya,Uganda,47958,4124,1385
719,2024,Sudan,Tanzania,17535,4440,2410
720,2024,Ethiopia,South Sudan,23430,587,5342
721,2023,Ethiopia,Ethiopia,37498,4554,7754
722,2023,DR Congo,Ethiopia,39520,0,1821
723,2023,Sudan,Somalia,21826,892,9648
724,2023,Uganda,Somalia,40306,660,2045
725,2022,Ethiopia,Ethiopia,12114,2410,2893
726,2023,Somalia,Somalia,791,770,6142
727,2023,Ethiopia,Rwanda,4206,4071,6635
728,2024,Kenya,DR Congo,28259,3222,9553
729,2024,Somalia,DR Congo,41494,1273,3554
730,2023,Kenya,Ethiopia,41727,944,8536
731,2022,DR Congo,Tanzania,2304,4204,7094
732,2024,South Sudan,Kenya,4270,2073,1027
733,2023,Kenya,Rwanda,2225,2560,4374
734,2023,Tanzania,Kenya,47690,4363,7595
735,2022,Kenya,South Sudan,8711,2576,6323
736,2024,Rwanda,Sudan,44129,1378,6236
737,2024,Tanzania,Burundi,48721,1776,4676
738,2022,Ethiopia,Burundi,42372,994,2929
739,2023,Kenya,Kenya,43732,1709,3234
740,2024,Rwanda,Uganda,13283,1447,7939
741,2023,Tanzania,Kenya,35026,1132,725
742,2022,Somalia,Somalia,31713,3149,5228
743,2023,Kenya,Kenya,5634,1851,956
744,2023,Ethiopia,Uganda,15388,2268,8613
745,2023,Sudan,Burundi,36928,258,2346
746,2022,Tanzania,Kenya,38789,1141,3612
747,2023,South Sudan,Kenya,49771,4290,7614
748,2024,Sudan,Ethiopia,41318,1249,242
749,2023,Burundi,South Sudan,37389,2337,6521
750,2024,Sudan,Rwanda,45185,2658,9989
751,2022,Uganda,Rwanda,5783,934,4181
752,2024,Kenya,Rwanda,44221,3829,5418
753,2024,Ethiopia,Uganda,36651,3151,9039
754,2024,DR Congo,South Sudan,47518,783,4567
755,2024,Tanzania,South Sudan,11124,3982,7502
756,2024,Uganda,DR Congo,18169,4483,10000
757,2022,DR Congo,Burundi,46871,3853,1618
758,2022,Ethiopia,Tanzania,15024,3911,4436
759,2022,Sudan,DR Congo,18744,1075,3023
760,2023,Ethiopia,Ethiopia,4612,2642,2531
761,2022,Sudan,Sudan,47081,3039,1945
762,2023,Ethiopia,Burundi,39050,1973,4368
763,2024,South Sudan,Tanzania,20959,1386,8405
764,2022,Sudan,Uganda,31984,4471,6182
765,2022,Tanzania,Sudan,48037,4004,7354
766,2024,Somalia,Tanzania,15578,3366,8940
767,2023,Ethiopia,Somalia,43993,2548,8016
768,2022,DR Congo,Somalia,41260,1757,6538
769,2023,Tanzania,Burundi,26611,70,6679
770,2023,Somalia,Rwanda,10131,2254,7416
771,2024,Uganda,South Sudan,13048,3983,7711
772,2024,Kenya,Rwanda,49147,1502,5183
773,2024,Rwanda,South Sudan,37413,325,1810
774,2024,Kenya,Tanzania,18922,2952,4346
775,2023,DR Congo,South Sudan,11798,4424,9155
776,2023,Somalia,Sudan,33717,3033,510
777,2024,Rwanda,Sudan,26721,2638,7522
778,2024,Sudan,Sudan,19222,1880,1437
779,2022,DR Congo,Ethiopia,14834,2743,2602
780,2023,Rwanda,Sudan,3995,1913,6096
781,2024,Rwanda,Somalia,25038,4360,5077
782,2023,Kenya,Kenya,43179,644,2558
783,2024,Kenya,Kenya,41479,956,5553
784,2023,Ethiopia,Ethiopia,7168,3640,8934
785,2023,Sudan,DR Congo,20064,3007,4455
786,2024,Tanzania,DR Congo,12365,2164,8018
787,2022,Rwanda,South Sudan,32611,2218,1862
788,2024,Burundi,Uganda,12679,4843,1124
789,2022,Rwanda,Ethiopia,40875,2414,856
790,2024,Rwanda,South Sudan,8752,484,9584
791,2023,Tanzania,Tanzania,40810,4758,9814
792,2022,Somalia,Somalia,38494,161,9218
793,2022,South Sudan,Rwanda,2677,3394,377
794,2024,Rwanda,Tanzania,30825,3222,3377
795,2023,Ethiopia,Uganda,11886,4822,6628
796,2024,DR Congo,Somalia,31494,85,2958
797,2022,DR Congo,Burundi,32047,4536,1212
798,2022,DR Congo,DR Congo,2815,4528,3153
799,2023,Rwanda,Somalia,28848,1884,7077
800,2022,Somalia,Uganda,27732,1070,9437
801,2023,Ethiopia,Ethiopia,7691,1700,8513
802,2023,Somalia,Tanzania,30831,4405,5588
803,2024,Burundi,Sudan,23880,182,7427
804,2023,Somalia,Uganda,7498,4159,5891
805,2024,Uganda,Tanzania,47530,627,5780
806,2024,Uganda,DR Congo,23022,3174,591
807,2022,Tanzania,Somalia,13063,3592,7148
808,2022,Tanzania,South Sudan,1404,515,8721
809,2024,South Sudan,Uganda,1115,4700,8709
810,2022,South Sudan,Somalia,39764,2041,1397
811,2022,Uganda,Tanzania,18541,820,5942
812,2024,DR Congo,Burundi,13014,955,9949
813,2023,Somalia,Somalia,17146,2131,2624
814,2024,Uganda,South Sudan,11782,2516,9271
815,2023,Kenya,Sudan,13859,4144,3687
816,2024,Sudan,Rwanda,5585,2949,1220
817,2024,Ethiopia,Ethiopia,24588,4193,2507
818,2023,Sudan,Rwanda,34866,1230,8782
819,2022,Rwanda,South Sudan,28845,2013,6666
820,2024,Somalia,Tanzania,9981,1790,4345
821,2023,Ethiopia,South Sudan,43488,525,83
822,2023,Burundi,DR Congo,45366,1045,6600
823,2024,Ethiopia,Ethiopia,35401,988,1271
824,2024,Kenya,Somalia,40643,1876,8347
825,2022,Burundi,Somalia,39269,2502,1995
826,2022,Tanzania,Uganda,45691,4173,310
827,2024,Kenya,Sudan,49285,2598,8448
828,2022,Somalia,Sudan,40047,963,5753
829,2022,Tanzania,Burundi,43565,3275,7750
830,2022,Tanzania,Somalia,7366,167,8330
831,2024,Ethiopia,Burundi,30878,4736,767
832,2023,Kenya,Sudan,25651,4707,9575
833,2024,Ethiopia,Uganda,27701,1534,2010
834,2024,Rwanda,Rwanda,580,1786,7380
835,2023,Ethiopia,Sudan,32275,4945,5161
836,2022,South Sudan,Ethiopia,34277,364,6816
837,2023,Uganda,Uganda,690,4645,946
838,2024,Uganda,Ethiopia,46937,157,1808
839,2024,Rwanda,Uganda,19561,2713,8039
840,2022,Sudan,Uganda,24827,4374,9528
841,2024,South Sudan,Tanzania,13289,4569,8263
842,2022,DR Congo,Ethiopia,10138,1973,3482
843,2024,Ethiopia,Rwanda,37556,1241,8949
844,2023,Burundi,Burundi,42142,4583,33
845,2024,DR Congo,DR Congo,14454,4386,3065
846,2022,Ethiopia,Sudan,10557,768,1856
847,2022,Uganda,Somalia,40793,2053,6558
848,2023,Kenya,Ethiopia,31230,2147,8799
849,2023,Rwanda,Burundi,46118,160,3280
850,2023,Burundi,Rwanda,2645,523,3388
851,2022,DR Congo,Somalia,36287,2983,5129
852,2024,Somalia,DR Congo,20006,2651,6122
853,2024,DR Congo,Burundi,28923,3256,6916
854,2023,South Sudan,Sudan,18534,919,2572
855,2022,Ethiopia,South Sudan,41714,1303,4358
856,2022,South Sudan,Tanzania,34265,1295,1654
857,2023,Sudan,Uganda,12441,1622,1442
858,2022,Burundi,Kenya,334,639,7616
859,2024,Burundi,Ethiopia,45272,2338,9426
860,2024,Sudan,Ethiopia,42663,1535,4828
861,2022,Burundi,South Sudan,41964,4095,4638
862,2023,South Sudan,Somalia,1589,4236,7587
863,2024,Somalia,DR Congo,24648,2931,2225
864,2022,South Sudan,Rwanda,33332,4210,5660
865,2023,DR Congo,Uganda,7757,741,4012
866,2022,Kenya,Ethiopia,39867,858,4453
867,2023,DR Congo,DR Congo,2443,3179,1531
868,2024,DR Congo,South Sudan,2234,4701,8091
869,2023,South Sudan,Somalia,24679,2094,2218
870,2024,Uganda,Somalia,23218,1020,610
871,2023,DR Congo,Uganda,18320,1989,511
872,2022,Uganda,DR Congo,13701,570,6705
873,2022,Ethiopia,South Sudan,36092,4131,7063
874,2023,Ethiopia,Sudan,36566,1754,470
875,2022,DR Congo,Burundi,10845,3490,1507
876,2023,Tanzania,Sudan,28402,424,4036
877,2023,South Sudan,Rwanda,37191,4480,5373
878,2022,Somalia,Sudan,31116,4155,8860
879,2022,Somalia,South Sudan,1281,3057,9311
880,2023,Sudan,Kenya,18923,3283,7725
881,2023,Kenya,Ethiopia,900,877,9871
882,2023,Uganda,DR Congo,7207,129,5511
883,2024,Tanzania,South Sudan,41403,4021,939
884,2023,South Sudan,South Sudan,783,874,788
885,2023,Ethiopia,Ethiopia,43824,4531,3981
886,2024,Ethiopia,Ethiopia,48518,3773,8225
887,2024,South Sudan,South Sudan,23838,4028,6351
888,2024,Burundi,Sudan,11268,2363,3895
889,2023,Ethiopia,Kenya,44499,4130,6166
890,2022,South Sudan,Ethiopia,17886,3582,4115
891,2022,Uganda,Ethiopia,38253,4979,7265
892,2023,DR Congo,DR Congo,12424,580,3018
893,2022,Sudan,Tanzania,40988,538,869
894,2024,Tanzania,DR Congo,36235,879,3438
895,2022,Ethiopia,Uganda,22073,2284,3332
896,2024,Kenya,Somalia,35023,1404,9274
897,2022,Somalia,Sudan,17237,636,5894
898,2022,Rwanda,Ethiopia,9519,1988,980
899,2022,Rwanda,Tanzania,16567,2984,8854
900,2023,Rwanda,Tanzania,20943,1580,9939
901,2023,Uganda,Sudan,36648,1395,8918
902,2023,South Sudan,DR Congo,32928,2356,2269
903,2023,Burundi,DR Congo,10483,1372,5326
904,2023,Kenya,Somalia,23116,2384,1602
905,2023,Sudan,Sudan,45050,35,9376
906,2024,Rwanda,Burundi,24222,4953,5785
907,2023,Uganda,Sudan,10464,1206,1183
908,2024,Rwanda,Tanzania,32739,625,6255
909,2023,Somalia,Tanzania,31076,2216,9152
910,2022,Ethiopia,South Sudan,44897,968,1242
911,2024,DR Congo,Tanzania,48460,3162,3392
912,2023,Uganda,Rwanda,47120,1813,819
913,2022,Uganda,Ethiopia,29414,1371,3561
914,2022,DR Congo,Uganda,24728,3272,2889
915,2024,Burundi,Somalia,29655,2131,7753
916,2022,Rwanda,Somalia,46330,1888,4387
917,2024,DR Congo,Sudan,9714,968,479
918,2022,Tanzania,Sudan,4841,4388,1259
919,2024,Somalia,Ethiopia,30350,1018,9478
920,2022,DR Congo,DR Congo,35340,4858,8504
921,2022,Rwanda,Kenya,4585,4659,1558
922,2022,Sudan,Burundi,37713,1118,7018
923,2024,Sudan,Rwanda,8187,3494,9813
924,2024,Sudan,Ethiopia,31841,1404,8188
925,2023,Kenya,Uganda,28928,1143,5652
926,2022,Burundi,Uganda,26466,1846,4072
927,2022,Sudan,Sudan,3232,1796,3064
928,2024,Ethiopia,Tanzania,9659,1365,6568
929,2024,Uganda,Kenya,31841,3023,7270
930,2023,Sudan,Sudan,44401,3008,6830
931,2024,Uganda,South Sudan,34785,2543,4374
932,2022,Tanzania,DR Congo,24614,203,4964
933,2023,Rwanda,Uganda,9932,4016,5418
934,2022,South Sudan,Ethiopia,5738,1586,2131
935,2023,Rwanda,Burundi,3826,1356,6779
936,2024,Somalia,South Sudan,20538,1859,3148
937,2022,Ethiopia,Burundi,16500,3893,7485
938,2023,Somalia,Uganda,46751,2067,7589
939,2023,Somalia,Somalia,24212,3498,5392
940,2022,Tanzania,South Sudan,17423,3207,7701
941,2023,Ethiopia,Somalia,15191,96,951
942,2024,Ethiopia,Rwanda,23392,1949,8096
943,2024,Somalia,South Sudan,3948,2799,2902
944,2024,Tanzania,Sudan,47608,4420,2556
945,2022,Ethiopia,Somalia,21287,4526,8670
946,2023,Ethiopia,Rwanda,22391,2860,5744
947,2023,Kenya,Somalia,33252,936,4391
948,2023,Rwanda,Uganda,1296,2380,1781
949,2023,Burundi,South Sudan,45597,3861,8268
950,2023,Kenya,Kenya,17007,53,4716
951,2022,Rwanda,Somalia,45383,4406,1321
952,2024,Kenya,Tanzania,7892,4322,5593
953,2022,South Sudan,South Sudan,6264,3505,7527
954,2024,Sudan,Rwanda,6645,268,8819
955,2024,Rwanda,Burundi,14377,3095,7887
956,2023,Burundi,Burundi,38556,212,399
957,2024,Rwanda,Sudan,3292,3097,2631
958,2023,Kenya,Tanzania,36461,1579,3295
959,2024,Sudan,Burundi,305,3842,3293
960,2023,Uganda,Burundi,44043,1638,1831
961,2023,Ethiopia,Rwanda,3420,4675,6918
962,2023,Uganda,DR Congo,6773,2579,9622
963,2023,Ethiopia,Uganda,32337,1619,8176
964,2023,Tanzania,Kenya,8021,3459,2986
965,2022,Kenya,Ethiopia,12236,1751,5565
966,2024,Tanzania,South Sudan,47711,2058,6668
967,2022,Ethiopia,Uganda,26832,2827,8737
968,2023,Uganda,South Sudan,30983,440,5864
969,2023,Ethiopia,Burundi,12632,2695,965
970,2022,Burundi,Uganda,23218,3806,122
971,2024,Somalia,Rwanda,19102,4952,4410
972,2024,Somalia,Tanzania,30954,1503,5159
973,2023,Uganda,Sudan,41059,4253,9251
974,2022,Rwanda,Rwanda,39488,2873,4835
975,2023,Somalia,Tanzania,624,4580,2693
976,2023,Burundi,South Sudan,36307,3526,9113
977,2023,Rwanda,South Sudan,21736,1260,1837
978,2024,Sudan,Ethiopia,5258,4748,865
979,2024,Uganda,Ethiopia,47866,4041,638
980,2023,Tanzania,Somalia,47517,4302,8560
981,2022,Sudan,South Sudan,8196,2376,3379
982,2022,Rwanda,DR Congo,18322,1953,2800
983,2023,Tanzania,Sudan,19883,2144,9991
984,2023,Kenya,DR Congo,39918,3258,3241
985,2024,Burundi,Somalia,13424,1464,3270
986,2022,DR Congo,Kenya,14426,2109,4520
987,2023,Ethiopia,Somalia,33048,308,5495
988,2024,DR Congo,Sudan,21714,2686,6912
989,2023,DR Congo,Rwanda,18862,1036,5835
990,2024,Ethiopia,Uganda,11552,3005,3513
991,2023,Burundi,Kenya,33414,2961,7429
992,2023,Somalia,DR Congo,7692,2589,3428
993,2022,Tanzania,Ethiopia,4499,4917,5864
994,2024,DR Congo,DR Congo,39452,4954,499
995,2022,Kenya,Tanzania,34544,1667,8049
996,2024,Somalia,Somalia,37483,1655,2732
997,2023,Uganda,Rwanda,42213,209,7838
998,2022,DR Congo,Kenya,28652,4367,1232
999,2024,Rwanda,DR Congo,48813,2988,6563
1000,2024,Burundi,DR Congo,44551,4487,3341
1001,2023,DR Congo,Tanzania,16580,4193,5143
1002,2024,Rwanda,DR Congo,864,4885,9413
1003,2024,Sudan,Kenya,29944,4439,9092
1004,2023,South Sudan,Sudan,1827,2623,5072
1005,2024,Uganda,DR Congo,46542,4280,8167
1006,2023,Burundi,Tanzania,3552,4149,672
1007,2024,Rwanda,Sudan,49586,748,1236
1008,2022,Sudan,Rwanda,4607,336,8899
1009,2023,Ethiopia,DR Congo,37640,233,3337
1010,2023,Ethiopia,Ethiopia,35391,449,9025
1011,2024,Uganda,Burundi,29708,4468,1172
1012,2022,Uganda,Ethiopia,24394,4011,5427
1013,2023,Burundi,Uganda,16754,2290,3987
1014,2023,Sudan,South Sudan,31056,627,2047
1015,2022,Somalia,Uganda,2108,4988,5095
1016,2022,Tanzania,DR Congo,11862,3343,6001
1017,2024,Burundi,DR Congo,8498,1412,148
1018,2024,Tanzania,Uganda,13179,1423,8248
1019,2023,Somalia,Sudan,27869,2221,496
1020,2024,Rwanda,Sudan,11905,1398,6388
1021,2023,Burundi,Ethiopia,21494,3201,1156
1022,2022,DR Congo,Rwanda,41703,974,6490
1023,2022,Rwanda,Uganda,24200,617,1458
1024,2022,Sudan,Somalia,44867,1480,7183
1025,2024,Uganda,Somalia,6809,4590,1787
1026,2024,Sudan,Burundi,21796,4153,1241
1027,2022,Uganda,Tanzania,20498,2921,7348
1028,2022,DR Congo,DR Congo,35324,2041,9037
1029,2023,Sudan,Burundi,11118,3073,5119
1030,2024,Burundi,South Sudan,4142,58,9838
1031,2023,Uganda,Rwanda,15664,4971,5507
1032,2022,Ethiopia,Tanzania,36140,75,6812
1033,2023,Somalia,South Sudan,16330,3220,6149
1034,2022,Somalia,Burundi,17208,1944,2120
1035,2022,Somalia,Ethiopia,39383,4238,1451
1036,2023,Uganda,DR Congo,32203,4990,9495
1037,2024,South Sudan,Kenya,23518,1216,4942
1038,2022,Tanzania,Uganda,12938,1850,6380
1039,2024,South Sudan,Kenya,13183,4611,782
1040,2023,Ethiopia,Burundi,14644,4047,6184
1041,2023,Tanzania,DR Congo,35701,2994,5031
1042,2023,South Sudan,Sudan,21751,4662,4325
1043,2024,Ethiopia,DR Congo,41591,3092,9920
1044,2022,Kenya,Sudan,34921,3096,3906
1045,2024,Uganda,Somalia,43300,2253,1328
1046,2022,South Sudan,South Sudan,37195,1990,9831
1047,2023,Burundi,DR Congo,22337,2565,654
1048,2024,DR Congo,South Sudan,24504,1653,1447
1049,2022,Burundi,Sudan,5270,4784,4527
1050,2024,DR Congo,Tanzania,15316,389,4505
1051,2023,Ethiopia,Kenya,15603,601,8780
1052,2023,Tanzania,Sudan,44936,2839,5422
1053,2022,South Sudan,DR Congo,31395,598,4224
1054,2024,South Sudan,Somalia,15455,3740,6542
1055,2023,Somalia,South Sudan,42252,2390,1078
1056,2024,Ethiopia,DR Congo,36260,3477,8046
1057,2023,Ethiopia,Rwanda,46441,3638,5089
1058,2024,Somalia,Burundi,35417,2114,7389
1059,2023,Tanzania,Ethiopia,10446,2471,7782
1060,2022,Uganda,Kenya,7873,2073,9588
1061,2022,Uganda,Kenya,25110,4391,5779
1062,2022,Sudan,Sudan,21448,3001,2119
1063,2024,Somalia,Tanzania,11980,746,77
1064,2022,Rwanda,Sudan,7623,1451,5140
1065,2022,Kenya,Ethiopia,14457,1831,5759
1066,2022,Rwanda,Rwanda,13747,1442,5396
1067,2022,Somalia,Uganda,49894,1226,2799
1068,2023,Somalia,Tanzania,11885,2559,9326
1069,2024,Tanzania,DR Congo,46639,4016,259
1070,2022,Uganda,South Sudan,28333,3726,9200
1071,2022,Uganda,DR Congo,21165,3716,6508
1072,2024,Ethiopia,Rwanda,44618,2793,88
1073,2023,Uganda,Sudan,39004,2018,4849
1074,2022,South Sudan,Somalia,45350,1257,2569
1075,2023,Kenya,Rwanda,14765,3738,4878
1076,2022,Rwanda,South Sudan,46919,3953,8324
1077,2022,Ethiopia,Burundi,42168,1298,4776
1078,2023,DR Congo,Rwanda,4052,1264,8261
1079,2023,Uganda,Sudan,19955,2601,6194
1080,2023,Kenya,Uganda,9521,3788,5354
1081,2022,Tanzania,Kenya,32102,3886,9664
1082,2022,Ethiopia,Kenya,15194,2507,4065
1083,2024,Rwanda,DR Congo,41989,4273,7823
1084,2022,Rwanda,South Sudan,13864,938,2737
1085,2024,Tanzania,Ethiopia,41348,2451,7312
1086,2023,Somalia,DR Congo,3489,2908,718
1087,2023,Somalia,Ethiopia,43493,2088,68
1088,2022,Tanzania,Tanzania,9158,1371,5300
1089,2024,Ethiopia,Rwanda,7910,3396,3986
1090,2024,DR Congo,Tanzania,4748,500,7960
1091,2024,Somalia,Tanzania,20207,3730,1742
1092,2024,Sudan,Kenya,32772,3141,909
1093,2023,DR Congo,Somalia,8142,2791,8068
1094,2024,DR Congo,Burundi,11016,1373,4804
1095,2023,DR Congo,Ethiopia,45474,3648,8733
1096,2024,DR Congo,Uganda,28300,2360,9117
1097,2024,Rwanda,Sudan,34655,4703,3630
1098,2023,Tanzania,South Sudan,18376,2479,7579
1099,2022,Rwanda,Tanzania,9744,790,599
1100,2024,DR Congo,South Sudan,4872,2199,9723
1101,2024,Uganda,DR Congo,34919,1772,3329
1102,2023,DR Congo,DR Congo,38856,960,1519
1103,2022,Uganda,Ethiopia,3731,1393,5111
1104,2024,Somalia,Burundi,6596,1584,5361
1105,2022,Tanzania,Tanzania,34258,4988,7703
1106,2024,Burundi,DR Congo,25900,3204,7520
1107,2024,Sudan,South Sudan,46363,2426,3714
1108,2024,Sudan,Rwanda,21641,2494,2212
1109,2023,Rwanda,Burundi,764,1699,6069
1110,2022,DR Congo,Rwanda,41285,4933,7993
1111,2023,Rwanda,DR Congo,24856,2114,3995
1112,2024,DR Congo,DR Congo,35866,2055,5891
1113,2023,Rwanda,Ethiopia,25033,3087,34
1114,2024,Burundi,Burundi,43703,4929,7544
1115,2024,Burundi,South Sudan,30516,395,105
1116,2024,DR Congo,Sudan,43219,1180,9553
1117,2023,Sudan,Ethiopia,44414,1739,3901
1118,2024,Somalia,Kenya,35389,4759,8663
1119,2024,Uganda,Kenya,5901,1295,1793
1120,2022,Sudan,Burundi,20997,350,8374
1121,2022,Ethiopia,DR Congo,7842,3209,1762
1122,2023,DR Congo,Sudan,49465,835,3655
1123,2023,DR Congo,Somalia,41937,1298,4382
1124,2024,Somalia,Tanzania,10097,4374,1230
1125,2023,DR Congo,Sudan,43723,3374,4035
1126,2024,DR Congo,DR Congo,13773,4256,9967
1127,2022,Kenya,Ethiopia,14658,1510,3970
1128,2023,Sudan,Sudan,8386,3653,1813
1129,2024,Somalia,Kenya,20974,3441,1389
1130,2023,Sudan,DR Congo,10045,4644,2048
1131,2024,Sudan,Rwanda,49538,2596,9663
1132,2023,Tanzania,South Sudan,19308,2005,8566
1133,2023,South Sudan,Ethiopia,21632,622,7224
1134,2024,DR Congo,Rwanda,11904,2709,6541
1135,2024,Ethiopia,Rwanda,15449,4984,1433
1136,2023,South Sudan,DR Congo,11271,1336,8564
1137,2022,DR Congo,DR Congo,27134,2525,261
1138,2023,Uganda,Tanzania,3555,3067,13
1139,2022,DR Congo,Somalia,8944,2395,9572
1140,2023,Sudan,Tanzania,11527,3196,9148
1141,2022,Burundi,South Sudan,21382,3176,7898
1142,2023,Tanzania,DR Congo,13953,1330,7517
1143,2022,DR Congo,Rwanda,37675,2134,5190
1144,2023,DR Congo,Uganda,48118,3081,7985
1145,2023,DR Congo,Kenya,44277,3817,6319
1146,2023,Sudan,Burundi,20065,4924,6441
1147,2024,Rwanda,Uganda,7107,172,5295
1148,2022,Rwanda,South Sudan,24335,2597,3026
1149,2023,Burundi,Somalia,856,4646,3513
1150,2023,South Sudan,Somalia,34819,512,4262
1151,2023,Sudan,Ethiopia,20010,2064,4257
1152,2022,Rwanda,Tanzania,27706,1724,7519
1153,2023,DR Congo,Tanzania,26757,553,5143
1154,2023,South Sudan,DR Congo,20690,2754,8321
1155,2023,South Sudan,Ethiopia,49873,4683,8550
1156,2024,South Sudan,DR Congo,31600,2664,9389
1157,2022,South Sudan,Rwanda,2274,2595,9663
1158,2022,Sudan,Somalia,16835,233,6263
1159,2024,Burundi,Rwanda,5339,691,8059
1160,2023,Uganda,Burundi,27593,1256,4368
1161,2023,Uganda,Tanzania,8685,114,7266
1162,2024,Uganda,Ethiopia,22979,4684,4803
1163,2023,Somalia,South Sudan,7027,2363,378
1164,2023,Ethiopia,Uganda,27560,1169,8773
1165,2022,Ethiopia,Tanzania,30167,1271,897
1166,2023,Rwanda,Somalia,8855,1708,4434
1167,2023,DR Congo,Tanzania,35507,4911,4642
1168,2022,South Sudan,DR Congo,9641,4494,1192
1169,2023,Ethiopia,Ethiopia,35895,4321,9099
1170,2022,DR Congo,DR Congo,45414,2042,7819
1171,2024,Tanzania,Ethiopia,8269,2436,2545
1172,2022,Tanzania,Ethiopia,31845,4493,5029
1173,2024,Uganda,Kenya,22506,1799,9282
1174,2023,Ethiopia,Uganda,45547,2827,624
1175,2022,Sudan,Sudan,15088,2256,6324
1176,2022,Rwanda,Kenya,41630,4748,2020
1177,2023,Uganda,Kenya,26476,2733,8178
1178,2023,Rwanda,Sudan,12191,1322,1500
1179,2022,Uganda,Sudan,18520,1684,6492
1180,2023,Rwanda,Sudan,15413,3804,8887
1181,2022,Kenya,Ethiopia,28393,1782,5874
1182,2023,Rwanda,DR Congo,16377,4939,3794
1183,2023,DR Congo,Kenya,48327,3934,6389
1184,2024,Kenya,Somalia,10412,280,1838
1185,2022,South Sudan,Uganda,19069,723,1066
1186,2023,Somalia,DR Congo,1893,1056,1550
1187,2024,Somalia,DR Congo,27377,596,8013
1188,2022,Ethiopia,South Sudan,8887,2373,3361
1189,2024,South Sudan,Sudan,3975,2187,5815
1190,2023,Kenya,Burundi,41369,3489,9748
1191,2024,Ethiopia,South Sudan,49314,241,645
1192,2024,Burundi,Tanzania,2953,3882,8089
1193,2023,Kenya,Uganda,25101,4391,1240
1194,2022,DR Congo,Ethiopia,12911,2756,4912
1195,2022,Somalia,Rwanda,37820,342,1118
1196,2022,Kenya,Tanzania,42876,2469,3160
1197,2023,Somalia,Kenya,18629,3471,2810
1198,2023,Rwanda,Kenya,38672,2639,7552
1199,2024,Sudan,Somalia,26942,1598,5317
1200,2022,Kenya,Rwanda,34686,92,3203
1201,2023,Rwanda,Uganda,26774,3179,4749
1202,2023,Uganda,Burundi,25923,2014,7225
1203,2022,South Sudan,Uganda,30294,436,8927
1204,2023,DR Congo,Sudan,42416,201,6558
1205,2023,Ethiopia,Sudan,13178,99,9063
1206,2022,Uganda,DR Congo,26870,2487,9510
1207,2024,Sudan,Uganda,35130,4693,563
1208,2022,Kenya,Sudan,7107,4075,923
1209,2022,Rwanda,Sudan,47874,4475,1911
1210,2024,South Sudan,Tanzania,46243,2808,8780
1211,2022,DR Congo,South Sudan,30646,875,5266
1212,2022,South Sudan,Ethiopia,30008,541,3280
1213,2024,Kenya,Sudan,23143,542,6342
1214,2023,Ethiopia,Somalia,26292,3573,6510
1215,2023,DR Congo,Sudan,38712,3759,449
1216,2024,Rwanda,Ethiopia,27816,2334,7702
1217,2022,DR Congo,Tanzania,26979,998,3575
1218,2022,Burundi,Somalia,1255,3250,5998
1219,2023,Burundi,Ethiopia,34363,4147,1781
1220,2022,Uganda,Rwanda,9145,2263,2290
1221,2023,Rwanda,DR Congo,41196,2304,1918
1222,2023,DR Congo,Ethiopia,39577,2932,77
1223,2023,Somalia,South Sudan,48659,3515,9199
1224,2023,Rwanda,DR Congo,30824,3236,2388
1225,2024,Rwanda,Ethiopia,39604,4117,6163
1226,2023,Kenya,Uganda,22745,4821,4723
1227,2022,DR Congo,Kenya,2725,710,6916
1228,2022,Somalia,DR Congo,32752,1341,6016
1229,2023,Rwanda,Ethiopia,37665,978,8584
1230,2024,Somalia,Tanzania,3209,1122,2771
1231,2022,Burundi,Uganda,363,1642,6304
1232,2022,Burundi,Sudan,7740,6,6623
1233,2023,Uganda,Sudan,17981,2896,7800
1234,2023,South Sudan,Somalia,16741,3066,4007
1235,2023,Tanzania,Burundi,21411,2344,715
1236,2023,Somalia,Uganda,486,1674,2364
1237,2023,DR Congo,Ethiopia,22947,2839,3356
1238,2024,Kenya,Ethiopia,6000,1503,5265
1239,2024,Rwanda,Kenya,48941,4175,3003
1240,2023,Sudan,Ethiopia,41228,3959,8741
1241,2024,Rwanda,Burundi,28069,1227,2363
1242,2022,Tanzania,Somalia,10263,1486,2056
1243,2024,Uganda,DR Congo,3072,4416,7745
1244,2024,Ethiopia,Kenya,34788,1660,9641
1245,2023,Tanzania,Kenya,31953,2656,3524
1246,2022,South Sudan,Rwanda,33742,1856,7562
1247,2023,Somalia,Burundi,17562,507,6113
1248,2024,Kenya,Rwanda,45854,768,9869
1249,2022,DR Congo,Uganda,47555,94,4148
1250,2024,Burundi,Burundi,19012,2306,8607
1251,2023,Uganda,DR Congo,34630,2371,4820
1252,2024,Kenya,Rwanda,41379,2228,2182
1253,2024,Ethiopia,DR Congo,39643,4733,4783
1254,2024,Sudan,Rwanda,18090,59,3943
1255,2022,Sudan,Sudan,24701,3610,4240
1256,2022,Ethiopia,DR Congo,22022,3375,8014
1257,2022,DR Congo,Somalia,36709,4520,6346
1258,2023,Sudan,Kenya,32541,3919,1208
1259,2023,Rwanda,Uganda,28792,2416,2133
1260,2024,Kenya,Kenya,39133,592,3432
1261,2023,Sudan,Sudan,36206,2302,2181
1262,2023,Burundi,DR Congo,30005,4098,2197
1263,2023,Sudan,Kenya,20442,3622,6228
1264,2022,Sudan,Burundi,32038,118,109
1265,2022,Burundi,Somalia,36556,1831,1424
1266,2022,Ethiopia,DR Congo,552,2153,9936
1267,2024,Uganda,Ethiopia,44040,2899,8238
1268,2024,DR Congo,Sudan,22724,2711,3993
1269,2022,Kenya,Rwanda,12649,2877,6931
1270,2023,Somalia,Rwanda,32917,4991,7867
1271,2023,Uganda,Sudan,40095,117,2911
1272,2022,Sudan,Kenya,10956,3943,9807
1273,2023,South Sudan,Kenya,753,2168,7484
1274,2024,Sudan,Ethiopia,29917,688,2591
1275,2024,DR Congo,Ethiopia,36838,3428,4064
1276,2023,DR Congo,Kenya,5499,1077,6441
1277,2023,Rwanda,DR Congo,41790,581,2969
1278,2023,Sudan,Tanzania,3407,3322,2403
1279,2022,Sudan,Kenya,8156,4886,5659
1280,2023,Ethiopia,Tanzania,17380,969,7510
1281,2023,DR Congo,Rwanda,48758,3856,6049
1282,2024,Tanzania,Sudan,13638,2235,6857
1283,2024,Kenya,Rwanda,20183,4122,1358
1284,2022,Somalia,Ethiopia,40086,3588,5453
1285,2023,South Sudan,Tanzania,34372,211,9984
1286,2023,Kenya,Kenya,9377,4223,3077
1287,2024,DR Congo,Uganda,48989,1978,9667
1288,2024,Tanzania,Ethiopia,13251,1655,6919
1289,2023,Burundi,South Sudan,39416,1041,7010
1290,2024,Rwanda,Burundi,47625,4521,3084
1291,2023,Rwanda,South Sudan,42393,265,1120
1292,2022,Rwanda,Kenya,23694,3718,1901
1293,2024,DR Congo,DR Congo,43679,1029,5072
1294,2022,Ethiopia,Uganda,2698,1425,2819
1295,2023,Rwanda,Somalia,34570,4930,9826
1296,2022,Tanzania,Kenya,47518,2097,3083
1297,2023,South Sudan,Kenya,2628,4019,1609
1298,2023,Rwanda,Rwanda,40562,2249,8785
1299,2024,DR Congo,Somalia,11032,1104,4402
1300,2022,Burundi,South Sudan,3339,4369,5421
1301,2022,Burundi,Ethiopia,5227,4378,8038
1302,2024,Tanzania,Uganda,40955,2208,3602
1303,2023,Somalia,Rwanda,49885,2247,6183
1304,2022,Uganda,Uganda,37576,1998,6288
1305,2022,Burundi,Somalia,1759,157,1815
1306,2024,Burundi,Uganda,15931,374,9228
1307,2024,Kenya,Sudan,38732,1004,8518
1308,2023,DR Congo,Uganda,46842,4644,8809
1309,2024,DR Congo,Somalia,25851,3944,9057
1310,2022,DR Congo,Sudan,32520,2990,6845
1311,2023,Uganda,Rwanda,5241,143,787
1312,2022,Uganda,Somalia,33106,3582,4739
1313,2023,Kenya,Tanzania,16928,688,9215
1314,2023,Sudan,Rwanda,8895,2538,5273
1315,2022,Somalia,Rwanda,21876,727,7889
1316,2022,Uganda,Ethiopia,22345,2712,4764
1317,2022,Tanzania,Ethiopia,42269,418,299
1318,2024,Sudan,South Sudan,26341,1228,6880
1319,2024,Ethiopia,Sudan,13272,1714,1250
1320,2024,Burundi,Kenya,44699,3326,6337
1321,2022,Ethiopia,Somalia,48952,1238,2184
1322,2022,Uganda,Burundi,29303,2361,8421
1323,2022,Uganda,South Sudan,45050,3346,8839
1324,2023,DR Congo,DR Congo,24656,4702,6027
1325,2022,Uganda,Tanzania,40541,1611,7922
1326,2023,Burundi,DR Congo,14055,4445,7731
1327,2024,Tanzania,DR Congo,9915,720,9524
1328,2023,DR Congo,Rwanda,25098,955,9384
1329,2023,South Sudan,Somalia,48222,4666,7466
1330,2024,Kenya,Rwanda,24433,1784,1347
1331,2022,Sudan,Tanzania,8360,2370,6753
1332,2024,Ethiopia,Rwanda,3665,888,4269
1333,2024,Tanzania,Tanzania,2249,3583,5711
1334,2023,Tanzania,Sudan,46324,2679,73
1335,2022,Burundi,DR Congo,23328,4848,8021
1336,2022,Kenya,DR Congo,40129,631,778
1337,2024,Ethiopia,Sudan,3183,2262,3284
1338,2024,Sudan,Uganda,15961,4202,9101
1339,2023,DR Congo,Burundi,46949,851,4822
1340,2022,Rwanda,South Sudan,43761,1412,1423
1341,2024,Kenya,DR Congo,17406,1685,3724
1342,2022,Tanzania,DR Congo,22886,325,2019
1343,2023,Somalia,Sudan,15471,2535,379
1344,2022,Kenya,Somalia,14705,118,4428
1345,2022,Uganda,Rwanda,41182,1977,2545
1346,2022,Kenya,Uganda,39880,3015,5480
1347,2024,Sudan,Sudan,33382,157,379
1348,2024,Sudan,Tanzania,16085,3442,5855
1349,2022,Tanzania,Burundi,39816,193,1436
1350,2024,DR Congo,Uganda,19866,1068,677
1351,2023,Uganda,DR Congo,38227,1483,5013
1352,2024,Rwanda,Uganda,44224,540,4209
1353,2024,Uganda,Burundi,11443,720,2214
1354,2023,Ethiopia,Kenya,11984,765,3529
1355,2023,South Sudan,Uganda,11026,2367,3247
1356,2024,DR Congo,DR Congo,49592,3054,7570
1357,2024,Somalia,Kenya,17684,4565,3815
1358,2024,Rwanda,Rwanda,566,408,6450
1359,2024,Ethiopia,DR Congo,40737,4032,9686
1360,2024,Tanzania,Rwanda,28603,3140,4847
1361,2022,Somalia,DR Congo,14054,2138,8139
1362,2023,Ethiopia,Rwanda,23484,316,5285
1363,2022,Burundi,Burundi,26231,3699,1682
1364,2024,Kenya,Rwanda,1327,4459,3570
1365,2022,Uganda,Sudan,44773,4063,6579
1366,2023,Sudan,Rwanda,47524,2561,9019
1367,2023,South Sudan,Burundi,34576,4949,9785
1368,2022,Rwanda,Sudan,22399,1852,3565
1369,2022,Sudan,DR Congo,38959,2295,1487
1370,2022,Rwanda,Ethiopia,8981,3827,6208
1371,2022,Kenya,Uganda,17735,1280,3077
1372,2024,Uganda,DR Congo,17080,98,7437
1373,2022,Uganda,Sudan,33706,2668,2182
1374,2024,Tanzania,South Sudan,30198,931,8789
1375,2022,Somalia,Kenya,25152,3996,5683
1376,2023,DR Congo,Rwanda,28936,725,8493
1377,2022,Uganda,Kenya,9537,4522,8081
1378,2022,DR Congo,Somalia,32541,2242,8946
1379,2024,DR Congo,South Sudan,26400,2430,2915
1380,2024,Rwanda,Uganda,14522,819,428
1381,2022,DR Congo,DR Congo,41281,4216,7080
1382,2023,DR Congo,Kenya,37675,2180,7485
1383,2024,DR Congo,Uganda,47937,3335,2945
1384,2024,South Sudan,Sudan,44767,3263,287
1385,2023,Uganda,Kenya,7023,3049,3000
1386,2024,Uganda,Tanzania,39145,551,3459
1387,2024,Ethiopia,Uganda,1553,2847,9585
1388,2023,Uganda,Rwanda,32974,3967,7180
1389,2024,Somalia,Uganda,2154,3678,7709
1390,2022,Tanzania,Sudan,43907,929,3848
1391,2023,South Sudan,DR Congo,18442,3560,1538
1392,2023,Uganda,DR Congo,31514,3704,2006
1393,2022,Burundi,Ethiopia,31579,1959,9185
1394,2024,Somalia,Tanzania,12063,4183,9452
1395,2024,DR Congo,Ethiopia,38555,3371,2248
1396,2023,South Sudan,Sudan,25472,3232,6970
1397,2022,Sudan,Kenya,15242,4643,7929
1398,2022,DR Congo,Burundi,37023,2869,9164
1399,2023,Somalia,South Sudan,9177,1666,592
1400,2024,Uganda,Kenya,34823,2712,9718
1401,2022,Sudan,South Sudan,17378,4650,6192
1402,2022,Uganda,Ethiopia,48944,2664,6595
1403,2024,Uganda,Rwanda,28085,2517,7266
1404,2024,Uganda,South Sudan,35388,2247,5214
1405,2023,Uganda,Sudan,5600,2804,899
1406,2024,Burundi,Somalia,40135,1533,8721
1407,2023,South Sudan,Uganda,45864,4149,3736
1408,2023,Ethiopia,Rwanda,32438,3929,7526
1409,2023,Burundi,Uganda,33959,3832,7653
1410,2024,Uganda,Ethiopia,1110,2506,7422
1411,2022,Kenya,Somalia,23761,1950,6876
1412,2024,South Sudan,Sudan,20368,1426,4395
1413,2022,Tanzania,Tanzania,21587,4163,9011
1414,2023,Ethiopia,Ethiopia,1586,3603,4036
1415,2023,DR Congo,Tanzania,45207,3367,2277
1416,2022,Burundi,Uganda,35670,4496,4379
1417,2022,Somalia,Tanzania,3483,110,7194
1418,2024,Kenya,Uganda,34055,3326,1550
1419,2023,Sudan,South Sudan,31289,2451,2425
1420,2024,Sudan,South Sudan,40728,2925,9126
1421,2023,Sudan,Tanzania,30673,1160,632
1422,2022,Rwanda,Tanzania,30501,1744,6298
1423,2023,South Sudan,Kenya,46556,1253,5917
1424,2023,Sudan,Sudan,6071,3634,1587
1425,2024,Ethiopia,Uganda,41715,2033,3828
1426,2022,Uganda,Tanzania,46090,630,1443
1427,2022,DR Congo,DR Congo,15494,3715,3495
1428,2023,Uganda,Sudan,17461,1555,2409
1429,2022,Ethiopia,Kenya,44223,1794,8218
1430,2023,Somalia,Sudan,22794,1990,7
1431,2024,Somalia,Ethiopia,48856,2871,7936
1432,2023,Ethiopia,Ethiopia,22597,4923,9497
1433,2024,Sudan,Ethiopia,47111,2456,1489
1434,2023,South Sudan,Rwanda,521,3931,4770
1435,2023,Uganda,Uganda,21351,644,8237
1436,2023,Kenya,Uganda,28037,1913,8425
1437,2023,South Sudan,Burundi,20770,3312,9866
1438,2022,Uganda,Sudan,9236,1740,363
1439,2023,Sudan,Burundi,28113,2861,2841
1440,2024,Rwanda,Tanzania,13159,4318,1192
1441,2022,Kenya,Sudan,22725,4957,705
1442,2024,Somalia,Uganda,30869,4530,9198
1443,2023,Rwanda,Ethiopia,48770,4627,7756
1444,2023,DR Congo,Somalia,2982,4428,8000
1445,2024,Sudan,Rwanda,22044,2282,4347
1446,2024,South Sudan,Rwanda,15923,1290,1224
1447,2023,South Sudan,Kenya,9603,2750,1897
1448,2023,South Sudan,Tanzania,3642,1709,4836
1449,2022,Sudan,DR Congo,2944,1884,4835
1450,2023,DR Congo,Uganda,8498,3340,7850
1451,2024,Rwanda,Sudan,31222,2152,56
1452,2023,Kenya,Sudan,13564,2989,871
1453,2023,Somalia,Somalia,14460,264,602
1454,2022,Rwanda,DR Congo,47956,2983,1831
1455,2023,Ethiopia,Rwanda,3371,223,3938
1456,2022,Rwanda,Ethiopia,38711,2331,2177
1457,2022,Uganda,Rwanda,36924,3510,7512
1458,2023,Uganda,Kenya,21632,1895,6116
1459,2022,South Sudan,Tanzania,19648,4300,1663
1460,2023,Ethiopia,Somalia,49211,4988,6965
1461,2022,Burundi,DR Congo,27944,4798,8072
1462,2022,Tanzania,Somalia,42603,7,7877
1463,2022,Ethiopia,DR Congo,47196,2416,3995
1464,2023,DR Congo,Rwanda,6011,303,2711
1465,2024,Rwanda,Tanzania,25429,4876,7296
1466,2024,Rwanda,Tanzania,12601,3308,6342
1467,2022,Somalia,Burundi,6473,465,384
1468,2022,Burundi,Uganda,13199,199,1791
1469,2022,Uganda,South Sudan,11927,4645,2220
1470,2022,Sudan,Ethiopia,48806,2196,4684
1471,2023,Rwanda,Sudan,39170,4093,2092
1472,2022,Rwanda,Uganda,13747,2300,740
1473,2024,Ethiopia,Tanzania,29679,243,5413
1474,2023,Tanzania,Kenya,47294,1756,7679
1475,2024,Burundi,Burundi,48897,2197,1545
1476,2022,Sudan,Tanzania,14446,2410,7678
1477,2024,Uganda,Somalia,21494,3841,9526
1478,2024,Somalia,Sudan,12986,149,5345
1479,2024,Burundi,Rwanda,38373,181,9468
1480,2023,DR Congo,Somalia,21795,3894,5939
1481,2024,Burundi,Somalia,34450,1644,7268
1482,2024,DR Congo,Ethiopia,35097,76,2437
1483,2024,Tanzania,Burundi,4092,606,5846
1484,2023,DR Congo,Kenya,4673,2936,229
1485,2024,Rwanda,Tanzania,12474,3556,1817
1486,2023,Tanzania,DR Congo,49545,4544,821
1487,2024,Rwanda,Rwanda,15559,3912,9378
1488,2023,Burundi,Somalia,8995,2903,8384
1489,2023,DR Congo,Burundi,16730,3007,4332
1490,2024,Rwanda,DR Congo,16575,1415,9012
1491,2022,Rwanda,Somalia,33993,313,4866
1492,2024,Kenya,Somalia,8917,1298,5818
1493,2022,Ethiopia,Tanzania,19795,3084,2595
1494,2023,Ethiopia,Ethiopia,49387,1236,6094
1495,2023,Sudan,DR Congo,46774,3427,8124
1496,2022,Burundi,Kenya,42650,3948,7269
1497,2024,Rwanda,Somalia,9296,2841,9799
1498,2024,Sudan,Ethiopia,19729,3340,7353
1499,2022,Uganda,Somalia,23329,820,171
1500,2022,Kenya,Burundi,14180,4041,9165
1501,2022,Ethiopia,DR Congo,43201,761,8375
1502,2022,Ethiopia,Kenya,43674,3827,7521
1503,2022,Burundi,Somalia,30065,2223,3354
1504,2024,Somalia,DR Congo,39708,4467,483
1505,2022,Ethiopia,Tanzania,21452,122,1863
1506,2022,Somalia,Burundi,6179,4733,3711
1507,2024,Burundi,Rwanda,6735,947,5554
1508,2024,South Sudan,DR Congo,31468,1833,3060
1509,2022,Somalia,Sudan,21302,999,6373
1510,2023,DR Congo,Somalia,6056,4085,9189
1511,2023,Rwanda,Sudan,27790,454,1517
1512,2024,Sudan,South Sudan,7321,1705,5522
1513,2023,South Sudan,Ethiopia,27719,581,3114
1514,2022,Sudan,Rwanda,16776,3162,1013
1515,2022,DR Congo,Somalia,27435,4368,8337
1516,2023,South Sudan,Somalia,21327,2739,3510
1517,2023,Sudan,Sudan,2377,545,3751
1518,2024,Tanzania,Tanzania,15479,2621,3525
1519,2022,Burundi,Tanzania,28506,600,4878
1520,2024,Uganda,South Sudan,32451,1236,6660
1521,2024,Somalia,Kenya,12158,3182,7267
1522,2024,DR Congo,Ethiopia,1574,4372,380
1523,2023,Rwanda,Burundi,25013,3793,3699
1524,2022,Burundi,Sudan,40897,1570,6232
1525,2022,Rwanda,Rwanda,40926,2207,870
1526,2024,Burundi,Uganda,24743,306,8427
1527,2024,Uganda,Sudan,42018,2341,4042
1528,2023,Tanzania,Tanzania,12491,395,9574
1529,2023,Somalia,South Sudan,44512,3206,7898
1530,2023,South Sudan,Ethiopia,47352,923,5110
1531,2023,Sudan,Rwanda,38149,4157,9208
1532,2024,South Sudan,DR Congo,43742,2662,9712
1533,2024,Rwanda,Uganda,10836,3027,6418
1534,2024,Uganda,Burundi,22136,603,8353
1535,2024,DR Congo,Sudan,45689,521,3049
1536,2022,Rwanda,DR Congo,45212,3935,2988
1537,2024,Tanzania,Tanzania,38599,3710,6874
1538,2023,Ethiopia,Ethiopia,12125,3627,6947
1539,2022,Sudan,South Sudan,32665,4583,1459
1540,2023,Tanzania,Burundi,4646,2227,8288
1541,2022,DR Congo,South Sudan,10185,2293,5599
1542,2022,Ethiopia,Ethiopia,38596,1806,4046
1543,2023,Sudan,Kenya,14177,3556,3588
1544,2023,Rwanda,Somalia,24441,808,5475
1545,2023,Somalia,South Sudan,28661,1685,4390
1546,2024,Kenya,DR Congo,20515,4384,7415
1547,2023,DR Congo,Kenya,32693,4223,1172
1548,2023,Burundi,Uganda,36749,1870,4309
1549,2023,Ethiopia,Sudan,536,930,5578
1550,2023,Burundi,South Sudan,11873,2442,450
1551,2024,Rwanda,Uganda,24749,1961,3803
1552,2023,DR Congo,DR Congo,23835,2503,643
1553,2024,Ethiopia,Rwanda,16041,265,6237
1554,2024,Ethiopia,DR Congo,13944,305,7084
1555,2023,South Sudan,Burundi,17072,219,3889
1556,2023,Ethiopia,Tanzania,33753,3116,5103
1557,2023,Rwanda,Tanzania,6584,3341,3845
1558,2023,Rwanda,Kenya,22647,1646,4357
1559,2022,Ethiopia,Rwanda,48790,3993,5385
1560,2024,Sudan,DR Congo,45584,3073,560
1561,2024,Tanzania,Uganda,26276,4144,8235
1562,2023,Rwanda,Sudan,2899,2728,6560
1563,2024,DR Congo,Kenya,10462,859,7268
1564,2024,Uganda,Uganda,14181,2331,1334
1565,2022,Kenya,Somalia,407,551,2716
1566,2022,Somalia,DR Congo,41709,3835,5573
1567,2023,Somalia,Tanzania,20252,3462,2240
1568,2023,Somalia,Uganda,18794,1720,2471
1569,2022,Tanzania,Uganda,13899,2720,526
1570,2024,Somalia,Somalia,33179,411,5608
1571,2024,Uganda,Somalia,5668,2887,8021
1572,2024,Kenya,Sudan,7267,1180,1739
1573,2022,Uganda,DR Congo,6319,251,8637
1574,2024,Uganda,Uganda,19005,2845,4704
1575,2023,Rwanda,Rwanda,19141,3418,3917
1576,2022,Kenya,Tanzania,36287,1368,8982
1577,2022,Burundi,Somalia,20303,3219,7018
1578,2023,Tanzania,Somalia,49170,2674,6039
1579,2024,Burundi,Sudan,631,2026,3076
1580,2024,Burundi,DR Congo,38230,4516,6598
1581,2022,Burundi,Sudan,46868,3396,3769
1582,2022,Somalia,Rwanda,25160,1526,9448
1583,2023,Rwanda,Uganda,47111,3342,5120
1584,2024,Sudan,Tanzania,47114,3061,9774
1585,2022,Kenya,Rwanda,1460,1631,9869
1586,2022,Tanzania,Burundi,33239,2768,2782
1587,2024,Tanzania,Tanzania,21788,1480,611
1588,2024,DR Congo,Tanzania,18760,4212,2192
1589,2023,Uganda,South Sudan,17050,1570,2936
1590,2023,DR Congo,South Sudan,21208,4081,9953
1591,2023,DR Congo,Burundi,35752,1308,1527
1592,2022,Rwanda,Sudan,20653,3964,3190
1593,2024,Kenya,Kenya,6241,3955,5
1594,2024,Kenya,Tanzania,47382,296,9479
1595,2024,Ethiopia,Rwanda,473,3392,6619
1596,2023,Sudan,Uganda,4550,2099,9603
1597,2023,Tanzania,DR Congo,18095,2036,201
1598,2024,South Sudan,Sudan,46517,3548,7655
1599,2024,Sudan,Ethiopia,28099,1082,8508
1600,2024,Sudan,Somalia,43332,693,4737
1601,2024,Ethiopia,Somalia,16299,2503,6777
1602,2022,Kenya,South Sudan,19878,2108,9679
1603,2023,South Sudan,Sudan,30944,4341,6686
1604,2023,Ethiopia,DR Congo,22224,4570,5125
1605,2023,Kenya,Ethiopia,16562,1629,3496
1606,2022,South Sudan,Ethiopia,2151,4895,3154
1607,2022,Rwanda,Ethiopia,46205,4433,170
1608,2024,South Sudan,Rwanda,45505,3506,3343
1609,2024,DR Congo,Ethiopia,12545,672,6682
1610,2022,Rwanda,DR Congo,49291,302,5703
1611,2023,Kenya,Rwanda,40221,3250,2887
1612,2022,Burundi,Tanzania,1570,544,2440
1613,2023,Burundi,Ethiopia,8363,3174,6571
1614,2022,Burundi,Kenya,17064,3882,9378
1615,2023,Burundi,Ethiopia,13634,1568,3930
1616,2022,Burundi,Rwanda,15595,2475,7813
1617,2023,Burundi,Somalia,9978,2500,9246
1618,2023,DR Congo,Somalia,49071,4191,8357
1619,2023,Ethiopia,Tanzania,40558,615,6923
1620,2024,Uganda,South Sudan,28050,2665,7628
1621,2023,South Sudan,Burundi,49241,880,7089
1622,2022,Rwanda,Tanzania,17971,3096,588
1623,2023,DR Congo,Somalia,20315,4726,7924
1624,2024,Uganda,Somalia,43176,1559,8088
1625,2023,Burundi,Uganda,28523,928,1712
1626,2023,Ethiopia,Uganda,20338,1796,4600
1627,2022,Rwanda,Uganda,33680,3883,6732
1628,2022,Uganda,Somalia,41950,3201,1690
1629,2023,Uganda,Somalia,22193,2120,6609
1630,2023,Burundi,Rwanda,10264,276,8749
1631,2023,Rwanda,South Sudan,11683,1297,9399
1632,2024,Ethiopia,Somalia,45668,3019,6274
1633,2022,South Sudan,Kenya,34244,3121,9222
1634,2024,South Sudan,Sudan,554,1804,3851
1635,2024,DR Congo,Uganda,10063,1011,6646
1636,2024,South Sudan,South Sudan,27759,371,3310
1637,2022,DR Congo,Sudan,11460,1631,9651
1638,2024,Ethiopia,Ethiopia,29785,195,9926
1639,2024,Sudan,Ethiopia,38638,1025,4852
1640,2023,Ethiopia,Ethiopia,14726,70,2071
1641,2024,Uganda,Tanzania,13572,1487,2055
1642,2023,Uganda,Burundi,25661,4893,7467
1643,2023,Tanzania,Burundi,16367,3205,1099
1644,2022,Rwanda,DR Congo,17608,3913,7694
1645,2024,Ethiopia,Burundi,16286,221,4776
1646,2024,Tanzania,Burundi,30977,4532,5512
1647,2023,South Sudan,Somalia,36174,4597,87
1648,2024,Burundi,Uganda,38687,4802,8374
1649,2022,Tanzania,Sudan,29137,70,76
1650,2023,Rwanda,Burundi,39985,2785,3524
1651,2024,DR Congo,South Sudan,18711,2632,7802
1652,2022,Burundi,Rwanda,44578,4629,2633
1653,2022,South Sudan,Uganda,30717,247,589
1654,2024,Rwanda,South Sudan,40487,942,1096
1655,2022,Burundi,Uganda,21033,2328,2891
1656,2024,DR Congo,Burundi,4500,4786,8516
1657,2024,Ethiopia,Sudan,2707,65,3245
1658,2024,Tanzania,Uganda,30593,1337,6315
1659,2024,Sudan,Rwanda,2250,2305,9385
1660,2024,Sudan,DR Congo,20353,3186,4726
1661,2024,Burundi,Rwanda,21921,4996,2163
1662,2022,Burundi,South Sudan,39388,80,737
1663,2024,Rwanda,Sudan,41478,1398,8210
1664,2023,South Sudan,Uganda,15787,2300,5602
1665,2023,Burundi,Tanzania,12720,1610,2705
1666,2023,Sudan,Ethiopia,46497,2619,1671
1667,2022,DR Congo,Tanzania,46414,670,4901
1668,2023,Somalia,Uganda,49651,67,309
1669,2024,Burundi,Tanzania,3370,2574,7380
1670,2023,DR Congo,Burundi,14589,1695,4096
1671,2022,DR Congo,Ethiopia,27500,4179,2341
1672,2023,Somalia,Burundi,29351,40,2935
1673,2023,Kenya,Ethiopia,49565,4317,4733
1674,2023,Tanzania,Kenya,15747,1327,2462
1675,2024,Somalia,Sudan,8238,1749,4941
1676,2022,Sudan,DR Congo,6395,2515,8891
1677,2023,Sudan,Tanzania,40074,3330,5894
1678,2022,DR Congo,Kenya,31073,2482,8397
1679,2022,Uganda,Kenya,10076,4548,1255
1680,2022,Rwanda,Ethiopia,26285,329,1793
1681,2023,Ethiopia,Kenya,44218,4303,4527
1682,2022,DR Congo,Ethiopia,49683,2052,4893
1683,2023,Rwanda,Uganda,23345,1372,6384
1684,2024,Uganda,Tanzania,39747,1007,5644
1685,2022,South Sudan,Somalia,40958,2441,7935
1686,2024,Burundi,Kenya,25010,785,685
1687,2023,Burundi,Kenya,34373,5,4087
1688,2024,Somalia,Uganda,17938,861,7789
1689,2024,Rwanda,Somalia,33991,3325,1521
1690,2024,Sudan,Somalia,42505,478,7480
1691,2023,Sudan,Somalia,5050,209,1580
1692,2024,DR Congo,Ethiopia,9917,460,9602
1693,2023,Sudan,Burundi,23953,3441,8027
1694,2022,Sudan,DR Congo,39801,525,4544
1695,2024,DR Congo,Somalia,8895,4724,6191
1696,2024,South Sudan,Somalia,22456,4107,7421
1697,2024,Uganda,Rwanda,17775,850,3421
1698,2023,Ethiopia,Somalia,7103,1612,7999
1699,2024,Uganda,Ethiopia,32476,3386,9023
1700,2022,Kenya,Sudan,9880,2589,3959
1701,2024,Kenya,Kenya,6932,4426,6945
1702,2024,Burundi,Somalia,11990,1289,2911
1703,2024,Rwanda,Rwanda,34296,4216,2434
1704,2023,DR Congo,Rwanda,35875,2954,3755
1705,2022,Ethiopia,Rwanda,38165,461,7900
1706,2023,South Sudan,DR Congo,36627,1293,8171
1707,2024,Tanzania,Ethiopia,33868,433,240
1708,2024,South Sudan,Tanzania,43274,1232,4177
1709,2024,Kenya,Tanzania,30168,4464,7394
1710,2022,Somalia,Burundi,16500,3089,1732
1711,2024,South Sudan,Sudan,40644,3029,340
1712,2023,Ethiopia,DR Congo,35637,2108,3305
1713,2024,Rwanda,Tanzania,24346,1395,907
1714,2023,Kenya,Sudan,16919,3939,4680
1715,2023,Kenya,Ethiopia,646,3642,6479
1716,2022,Kenya,Kenya,32244,1853,6144
1717,2023,Ethiopia,Uganda,16344,592,7136
1718,2023,Tanzania,Sudan,4680,4865,8276
1719,2023,Sudan,Rwanda,7148,4906,6773
1720,2022,Kenya,Kenya,34548,882,8569
1721,2024,Rwanda,Burundi,48328,4829,1374
1722,2022,Ethiopia,Kenya,17404,3910,4334
1723,2022,Uganda,Kenya,23407,499,4678
1724,2023,Rwanda,Burundi,1801,978,4959
1725,2023,Uganda,Ethiopia,21527,4901,8375
1726,2024,South Sudan,Somalia,8480,4604,9541
1727,2023,Burundi,South Sudan,17040,4337,6797
1728,2022,DR Congo,Uganda,49051,3564,6353
1729,2023,DR Congo,Uganda,49543,2393,7575
1730,2022,Somalia,DR Congo,39552,1159,3322
1731,2024,Ethiopia,Somalia,24859,555,4838
1732,2023,Burundi,Burundi,44980,4800,7172
1733,2023,Burundi,Sudan,17531,1128,5914
1734,2024,Kenya,Kenya,20375,3431,6677
1735,2022,Burundi,Somalia,37482,4767,9052
1736,2023,Tanzania,Burundi,18237,1621,1158
1737,2024,Rwanda,DR Congo,5980,2681,7243
1738,2023,Uganda,Rwanda,17500,451,4854
1739,2024,Ethiopia,Ethiopia,5361,315,8495
1740,2024,Ethiopia,Somalia,43513,3545,6776
1741,2024,Burundi,Tanzania,7137,4429,3018
1742,2024,Burundi,South Sudan,1814,3572,4124
1743,2022,Rwanda,Ethiopia,21173,3791,152
1744,2024,Rwanda,Uganda,47418,3037,577
1745,2022,Ethiopia,Sudan,13177,2926,3003
1746,2022,Burundi,Burundi,12180,2423,4917
1747,2024,DR Congo,Kenya,1609,1334,6537
1748,2024,Kenya,Rwanda,5539,2771,4816
1749,2023,South Sudan,South Sudan,2683,3042,7310
1750,2023,Sudan,Uganda,45244,724,7541
1751,2024,Sudan,Uganda,18770,2793,9440
1752,2023,DR Congo,Somalia,41430,2937,7356
1753,2024,Tanzania,Somalia,13515,4373,3867
1754,2023,South Sudan,Burundi,34030,3722,8956
1755,2024,Kenya,Kenya,38337,3028,6013
1756,2024,Sudan,Tanzania,45557,3306,6100
1757,2023,Tanzania,Ethiopia,28178,2743,6188
1758,2022,Tanzania,Somalia,19535,3479,2896
1759,2023,Kenya,South Sudan,320,2892,4581
1760,2024,Tanzania,Kenya,35744,3603,1204
1761,2023,Rwanda,Ethiopia,5657,2397,6933
1762,2024,Burundi,South Sudan,32637,4265,7848
1763,2022,Rwanda,Rwanda,3447,249,1506
1764,2023,Tanzania,Tanzania,16673,2830,7680
1765,2024,Kenya,Burundi,2358,1286,9742
1766,2023,Somalia,Rwanda,41947,3075,3351
1767,2024,Kenya,Tanzania,37878,34,9903
1768,2022,Uganda,Uganda,41397,296,461
1769,2022,Somalia,Ethiopia,41842,2482,1258
1770,2023,Sudan,DR Congo,11839,3879,6528
1771,2023,DR Congo,DR Congo,44909,3995,7378
1772,2024,Burundi,Kenya,28144,2077,850
1773,2024,Sudan,Sudan,41238,2185,7645
1774,2023,DR Congo,Sudan,25656,388,6975
1775,2024,DR Congo,South Sudan,42091,1478,9782
1776,2024,Sudan,Rwanda,8530,2236,4278
1777,2024,Uganda,Kenya,25393,2166,9987
1778,2024,Kenya,Tanzania,16636,1542,8112
1779,2024,DR Congo,Burundi,21484,2482,8788
1780,2022,Ethiopia,Uganda,11296,3431,749
1781,2023,Tanzania,Kenya,1077,3079,7509
1782,2024,Tanzania,Kenya,1782,2411,3377
1783,2023,South Sudan,Sudan,1563,3834,47
1784,2024,Uganda,Kenya,42112,4197,457
1785,2022,DR Congo,Sudan,45082,2052,1853
1786,2023,Sudan,Kenya,48853,1756,5710
1787,2022,Tanzania,Sudan,13050,984,7546
1788,2024,DR Congo,Sudan,31465,4407,5547
1789,2022,Sudan,DR Congo,31990,1156,345
1790,2022,Rwanda,Uganda,27762,3145,4686
1791,2023,Somalia,Ethiopia,26736,585,1315
1792,2022,Ethiopia,Burundi,46320,426,7654
1793,2022,Kenya,Ethiopia,10781,1228,1483
1794,2023,Tanzania,Kenya,16244,4591,9777
1795,2024,Uganda,DR Congo,23708,4551,6842
1796,2022,Somalia,Sudan,36046,711,1682
1797,2022,DR Congo,Ethiopia,32231,4030,7217
1798,2022,Uganda,DR Congo,38412,584,9950
1799,2024,Burundi,Rwanda,36743,4447,673
1800,2023,Somalia,Kenya,27907,4277,7529
1801,2022,Ethiopia,Uganda,36493,2846,9060
1802,2022,Uganda,DR Congo,31769,1194,8243
1803,2024,South Sudan,Burundi,39896,3909,9645
1804,2022,Burundi,Ethiopia,1041,2808,391
1805,2023,Kenya,Ethiopia,24671,4045,9865
1806,2024,Uganda,Sudan,26096,3415,1879
1807,2024,Somalia,Kenya,7821,323,5394
1808,2023,Sudan,Sudan,10943,1693,8585
1809,2022,South Sudan,Uganda,18684,4924,9925
1810,2022,Uganda,South Sudan,46398,4875,8829
1811,2022,Sudan,Somalia,27741,278,2790
1812,2024,Burundi,Uganda,28641,2060,6671
1813,2024,Somalia,Somalia,31087,3328,4661
1814,2024,South Sudan,Burundi,3819,2942,3897
1815,2023,Tanzania,South Sudan,22090,2183,8997
1816,2022,Ethiopia,DR Congo,7173,3368,627
1817,2023,Ethiopia,DR Congo,25554,966,4066
1818,2022,Rwanda,Rwanda,7861,2307,6609
1819,2023,Somalia,DR Congo,22859,1347,3841
1820,2023,South Sudan,Uganda,46149,3895,9154
1821,2023,Kenya,Sudan,36886,3287,3159
1822,2022,Ethiopia,Ethiopia,1729,3647,1094
1823,2024,South Sudan,Rwanda,5799,316,6897
1824,2022,DR Congo,Burundi,46100,2489,6410
1825,2023,South Sudan,South Sudan,21101,1457,2461
1826,2022,Kenya,Sudan,48635,150,5778
1827,2022,Ethiopia,Kenya,14452,3901,7833
1828,2023,Burundi,South Sudan,31122,4157,6754
1829,2022,Tanzania,Uganda,16060,2944,9549
1830,2024,Sudan,Kenya,25743,3347,2204
1831,2022,Uganda,Somalia,1412,2884,9156
1832,2023,Tanzania,Burundi,46241,794,9949
1833,2023,Tanzania,Ethiopia,32187,2259,4285
1834,2024,Uganda,Tanzania,22370,324,5450
1835,2024,Somalia,Ethiopia,20273,2449,9446
1836,2022,Burundi,Rwanda,15379,4259,5144
1837,2023,Kenya,Uganda,16752,1249,1641
1838,2024,Somalia,South Sudan,38837,4543,29
1839,2022,Uganda,Somalia,5627,791,1867
1840,2023,Ethiopia,Uganda,30577,683,3300
1841,2024,Somalia,DR Congo,46526,4064,4544
1842,2024,Burundi,Uganda,27726,3718,7129
1843,2023,Uganda,Somalia,8764,252,2054
1844,2022,Rwanda,DR Congo,19337,4745,3355
1845,2023,South Sudan,Burundi,43497,4411,4895
1846,2023,Ethiopia,Uganda,36417,4094,7403
1847,2024,Uganda,Sudan,39713,1909,8362
1848,2022,Tanzania,South Sudan,41281,4690,1493
1849,2023,South Sudan,Somalia,31445,1893,8044
1850,2022,Kenya,Sudan,40256,3763,3973
1851,2023,DR Congo,Tanzania,43830,268,52
1852,2023,Ethiopia,Ethiopia,38765,1765,7376
1853,2023,Uganda,Kenya,35256,958,8920
1854,2022,Uganda,Burundi,11116,1536,9839
1855,2023,DR Congo,Tanzania,37602,2274,3112
1856,2022,Kenya,DR Congo,37615,3522,6186
1857,2022,Burundi,Kenya,2338,1464,5338
1858,2022,Rwanda,Sudan,42942,952,6219
1859,2024,Ethiopia,Uganda,28020,3640,4474
1860,2024,South Sudan,Kenya,4381,3020,1678
1861,2023,Uganda,Sudan,45951,3676,1589
1862,2024,Burundi,DR Congo,22331,4740,5253
1863,2024,Tanzania,Tanzania,29650,4449,240
1864,2023,South Sudan,Somalia,11438,4297,3424
1865,2023,Ethiopia,DR Congo,20857,2142,6252
1866,2023,Sudan,Sudan,48851,992,5588
1867,2022,Uganda,Rwanda,21572,442,6303
1868,2022,Kenya,Somalia,32179,33,9787
1869,2022,DR Congo,Ethiopia,34656,304,3801
1870,2024,Uganda,Tanzania,27567,4102,54
1871,2023,Somalia,Ethiopia,15353,4268,4857
1872,2022,Uganda,Sudan,29841,1781,3175
1873,2022,Sudan,Ethiopia,48370,4294,4798
1874,2023,Sudan,Rwanda,37826,1985,5327
1875,2023,Kenya,DR Congo,9659,3741,95
1876,2022,Sudan,Rwanda,24430,4864,654
1877,2023,Sudan,DR Congo,6899,671,961
1878,2024,Sudan,Burundi,14872,752,5397
1879,2024,Burundi,Ethiopia,28187,4475,8456
1880,2022,Sudan,Rwanda,7830,4978,9797
1881,2024,Ethiopia,Uganda,22834,1445,9305
1882,2023,Kenya,Rwanda,27034,2778,6648
1883,2023,Sudan,Kenya,27228,2826,2107
1884,2024,Ethiopia,South Sudan,17419,1738,4594
1885,2023,Kenya,Somalia,35887,1792,1559
1886,2024,Rwanda,Uganda,12056,4429,4285
1887,2023,South Sudan,Ethiopia,37901,4130,1561
1888,2024,Tanzania,DR Congo,38673,2248,4452
1889,2022,South Sudan,Kenya,12822,3767,5096
1890,2024,Burundi,DR Congo,14526,69,4186
1891,2023,Tanzania,DR Congo,18149,4865,8227
1892,2024,Burundi,Somalia,31938,2836,1282
1893,2022,Somalia,Burundi,40244,1739,9498
1894,2022,Sudan,Kenya,30005,1827,1228
1895,2023,DR Congo,Sudan,44745,3707,6643
1896,2022,Somalia,DR Congo,9901,2501,9493
1897,2023,Burundi,DR Congo,31702,2250,4591
1898,2022,Rwanda,Sudan,18291,962,8806
1899,2024,DR Congo,Kenya,33621,1739,263
1900,2022,Kenya,Tanzania,19388,988,8339
1901,2024,South Sudan,Rwanda,4352,2832,235
1902,2024,DR Congo,Ethiopia,21959,1424,3408
1903,2022,Rwanda,Rwanda,49753,3877,9660
1904,2023,Tanzania,Burundi,431,843,4732
1905,2023,Sudan,Burundi,25285,3986,3755
1906,2022,Ethiopia,DR Congo,12974,1891,67
1907,2023,Somalia,Kenya,4737,3532,5989
1908,2024,DR Congo,South Sudan,42665,4549,3022
1909,2022,Rwanda,Rwanda,30950,3466,5967
1910,2024,Tanzania,DR Congo,1780,3586,1587
1911,2023,Somalia,Rwanda,29332,4659,1969
1912,2024,Rwanda,Uganda,5930,462,8331
1913,2023,Rwanda,DR Congo,18340,4277,8658
1914,2023,Burundi,Sudan,36318,2452,1414
1915,2024,Kenya,South Sudan,17590,2308,1429
1916,2023,DR Congo,Somalia,31262,2520,9185
1917,2022,South Sudan,DR Congo,18224,3710,3846
1918,2024,Burundi,Ethiopia,30112,39,7326
1919,2022,DR Congo,Uganda,49658,4099,9412
1920,2024,Sudan,DR Congo,18180,3223,1261
1921,2023,Rwanda,DR Congo,30356,4742,6043
1922,2023,Sudan,South Sudan,28425,1774,1931
1923,2022,South Sudan,Sudan,30114,2036,4813
1924,2022,Tanzania,Sudan,573,2643,2263
1925,2024,Somalia,Kenya,40678,787,6027
1926,2024,Uganda,Burundi,14989,3089,1053
1927,2024,Burundi,DR Congo,28680,4393,5488
1928,2024,Sudan,South Sudan,10705,144,1258
1929,2024,Burundi,DR Congo,12569,2431,5204
1930,2024,Kenya,Sudan,16125,3835,4661
1931,2024,DR Congo,Sudan,4891,200,3734
1932,2024,Kenya,Ethiopia,18257,893,8968
1933,2023,Somalia,DR Congo,40338,2116,5662
1934,2023,Burundi,Tanzania,28609,2768,2050
1935,2024,Tanzania,Rwanda,24162,3663,8371
1936,2024,Somalia,Tanzania,21984,3454,554
1937,2022,South Sudan,South Sudan,43861,4711,8213
1938,2022,Tanzania,DR Congo,30937,1338,8920
1939,2023,South Sudan,Sudan,46885,4440,7082
1940,2022,DR Congo,Ethiopia,28396,3223,5785
1941,2022,Uganda,Somalia,21336,4105,1546
1942,2023,Rwanda,Sudan,26827,864,8691
1943,2024,Tanzania,Kenya,49143,1928,5012
1944,2023,Kenya,Burundi,44951,2574,3433
1945,2023,DR Congo,Tanzania,43034,2181,4522
1946,2024,South Sudan,Kenya,23299,1287,9973
1947,2022,Tanzania,Kenya,5231,4279,9962
1948,2023,South Sudan,Sudan,32446,3195,6689
1949,2022,Sudan,Somalia,41531,3939,3676
1950,2023,Somalia,South Sudan,37823,3266,3358
1951,2022,South Sudan,Ethiopia,28467,2464,5731
1952,2022,Burundi,Somalia,34953,168,4769
1953,2023,Uganda,DR Congo,29193,979,3872
1954,2022,Ethiopia,Rwanda,48969,3968,7083
1955,2024,South Sudan,Somalia,49777,1406,3293
1956,2024,Tanzania,Tanzania,21368,3245,9673
1957,2023,Tanzania,Sudan,17763,715,6896
1958,2024,Sudan,Kenya,4533,3913,3683
1959,2024,Uganda,Uganda,6967,3308,6533
1960,2024,Rwanda,Sudan,37003,4647,4779
1961,2022,DR Congo,Rwanda,3552,230,9120
1962,2024,Rwanda,Somalia,34595,3076,9558
1963,2022,Rwanda,DR Congo,20319,4503,8779
1964,2023,Tanzania,Kenya,46048,1989,5378
1965,2024,South Sudan,Uganda,26590,875,5711
1966,2022,Kenya,Uganda,4252,2339,367
1967,2024,Sudan,DR Congo,45991,1123,9555
1968,2022,Tanzania,Sudan,21353,3033,9015
1969,2024,Tanzania,Sudan,23792,4604,7286
1970,2023,Rwanda,DR Congo,40900,1773,4999
1971,2023,Tanzania,Burundi,5675,2396,4559
1972,2023,Sudan,South Sudan,30915,4072,2785
1973,2022,Somalia,Kenya,17814,3608,2322
1974,2023,Burundi,Sudan,11722,3539,8421
1975,2022,Rwanda,Ethiopia,27407,3254,1710
1976,2024,Rwanda,Kenya,31734,1142,9697
1977,2024,Ethiopia,Somalia,15952,2143,8581
1978,2023,Kenya,Burundi,36006,444,8533
1979,2024,Uganda,Rwanda,37870,2928,1490
1980,2022,DR Congo,Uganda,17591,3442,6925
1981,2024,DR Congo,Uganda,1720,1458,9254
1982,2024,Rwanda,Tanzania,44661,2349,7845
1983,2022,Tanzania,Burundi,28993,1057,4002
1984,2023,Tanzania,Uganda,30290,4823,6588
1985,2023,Uganda,South Sudan,27178,4805,2486
1986,2022,Rwanda,DR Congo,11223,1957,7119
1987,2023,DR Congo,South Sudan,46398,4889,374
1988,2022,Sudan,South Sudan,33769,1848,8777
1989,2023,Burundi,South Sudan,45015,915,5405
1990,2023,Tanzania,Burundi,20768,4700,2073
1991,2024,Kenya,Rwanda,7630,4364,4072
1992,2024,Tanzania,Burundi,25541,1023,6814
1993,2022,Uganda,DR Congo,38461,52,8514
1994,2023,Sudan,Kenya,693,4817,364
1995,2023,DR Congo,Uganda,14532,1329,7907
1996,2024,Rwanda,DR Congo,34905,4667,683
1997,2024,Sudan,DR Congo,49887,1022,9075
1998,2022,South Sudan,Somalia,15146,2710,2504
1999,2022,Uganda,Ethiopia,29046,4453,2290
2000,2024,Somalia,Uganda,36085,2214,3671
